-- Creating Tables

CREATE TABLE Department (
    D_ID INT PRIMARY KEY,
    D_Name VARCHAR(255),
    Max_Size INT
);

CREATE TABLE Instructor (
    I_ID INT PRIMARY KEY,
    S_Frame VARCHAR(255),
    S_Lname VARCHAR(255),
    Phone VARCHAR(20),
    Salary DECIMAL(10,2),
    Email VARCHAR(255),
    Gender VARCHAR(10),
    Title VARCHAR(50),
    D_ID INT,
    FOREIGN KEY (D_ID) REFERENCES Department(D_ID)
);

CREATE TABLE Students (
    S_ID INT PRIMARY KEY,
    F_Name VARCHAR(255),
    L_Name VARCHAR(255),
    Birth_Date VARCHAR(255),
    Address VARCHAR(255),
    Email VARCHAR(255),
    Phone VARCHAR(20),
    D_ID INT,
    FOREIGN KEY (D_ID) REFERENCES Department(D_ID)
);
alter table students add Stage int
CREATE TABLE Courses (
    C_ID INT PRIMARY KEY,
    C_Name VARCHAR(255),
    Max_Grade INT,
    Price DECIMAL(10,2)
);
alter table courses add I_ID number REFERENCES instructor(I_ID)
alter table Courses add Stage INT;
alter table Courses add D_ID INT;
ALTER TABLE Courses ADD CONSTRAINT FK_Courses_Department FOREIGN KEY (D_ID) REFERENCES Department(D_ID);

CREATE TABLE Student_Course (
    S_ID INT,
    C_ID INT,
    Grade INT,
    PRIMARY KEY (S_ID, C_ID),
    FOREIGN KEY (S_ID) REFERENCES Students(S_ID),
    FOREIGN KEY (C_ID) REFERENCES Courses(C_ID)
);

CREATE TABLE Course_Department (
    C_ID INT,
    D_ID INT,
    PRIMARY KEY (C_ID, D_ID),
    FOREIGN KEY (C_ID) REFERENCES Courses(C_ID),
    FOREIGN KEY (D_ID) REFERENCES Department(D_ID)
);

-- Sample Insert Data


INSERT INTO Department (D_ID, D_Name, Max_Size) VALUES (1, 'Computer Science', 200);
INSERT INTO Department (D_ID, D_Name, Max_Size) VALUES (2, 'Mathematics', 150);
INSERT INTO Department (D_ID, D_Name, Max_Size) VALUES (3, 'Physics', 120);
INSERT INTO Department (D_ID, D_Name, Max_Size) VALUES (4, 'Engineering', 180);



INSERT INTO Instructor (I_ID, S_Frame, S_Lname, Phone, Salary, Email, Gender, Title, D_ID) 
VALUES (1, 'John', 'Doe', '123456789', 50000, 'john.doe@example.com', 'Male', 'Professor', 1);
INSERT ALL
    INTO Instructor (I_ID, S_Frame, S_Lname, Phone, Salary, Email, Gender, Title, D_ID) VALUES (2, 'Sarah', 'Connor', '987654321', 55000, 'sarah.connor@example.com', 'Female', 'Lecturer', 1)
    INTO Instructor (I_ID, S_Frame, S_Lname, Phone, Salary, Email, Gender, Title, D_ID) VALUES (3, 'Robert', 'Smith', '456123789', 52000, 'robert.smith@example.com', 'Male', 'Assistant Professor', 1)
    INTO Instructor (I_ID, S_Frame, S_Lname, Phone, Salary, Email, Gender, Title, D_ID) VALUES (4, 'Emily', 'Davis', '654987321', 51000, 'emily.davis@example.com', 'Female', 'Professor', 2)
    INTO Instructor (I_ID, S_Frame, S_Lname, Phone, Salary, Email, Gender, Title, D_ID) VALUES (5, 'Michael', 'Johnson', '321654987', 53000, 'michael.johnson@example.com', 'Male', 'Lecturer', 2)
    INTO Instructor (I_ID, S_Frame, S_Lname, Phone, Salary, Email, Gender, Title, D_ID) VALUES (6, 'Emma', 'Wilson', '789321654', 50000, 'emma.wilson@example.com', 'Female', 'Assistant Professor', 2)
    INTO Instructor (I_ID, S_Frame, S_Lname, Phone, Salary, Email, Gender, Title, D_ID) VALUES (7, 'Daniel', 'Brown', '741852963', 56000, 'daniel.brown@example.com', 'Male', 'Professor', 3)
    INTO Instructor (I_ID, S_Frame, S_Lname, Phone, Salary, Email, Gender, Title, D_ID) VALUES (8, 'Sophia', 'Miller', '963852741', 52000, 'sophia.miller@example.com', 'Female', 'Lecturer', 3)
    INTO Instructor (I_ID, S_Frame, S_Lname, Phone, Salary, Email, Gender, Title, D_ID) VALUES (9, 'James', 'Anderson', '159753486', 54000, 'james.anderson@example.com', 'Male', 'Assistant Professor', 3)
    INTO Instructor (I_ID, S_Frame, S_Lname, Phone, Salary, Email, Gender, Title, D_ID) VALUES (10, 'Olivia', 'Taylor', '357159486', 55000, 'olivia.taylor@example.com', 'Female', 'Professor', 4)
    INTO Instructor (I_ID, S_Frame, S_Lname, Phone, Salary, Email, Gender, Title, D_ID) VALUES (11, 'William', 'Martinez', '258369147', 53000, 'william.martinez@example.com', 'Male', 'Lecturer', 4)
    INTO Instructor (I_ID, S_Frame, S_Lname, Phone, Salary, Email, Gender, Title, D_ID) VALUES (12, 'Charlotte', 'White', '147258369', 51000, 'charlotte.white@example.com', 'Female', 'Assistant Professor', 4)
SELECT * FROM dual;

INSERT INTO Students (S_ID, F_Name, L_Name, Birth_Date, Address, Email, Phone, D_ID, Stage) VALUES (1, 'Ethan', 'Moore', TO_DATE('2003-06-15', 'YYYY-MM-DD'), 'CS Dorm', 'ethan.moore@example.com', '123123123', 1, 1);
INSERT INTO Students (S_ID, F_Name, L_Name, Birth_Date, Address, Email, Phone, D_ID, Stage) VALUES (2, 'Liam', 'Clark', TO_DATE('2002-09-21', 'YYYY-MM-DD'), 'CS Dorm', 'liam.clark@example.com', '234234234', 1, 1);
INSERT INTO Students (S_ID, F_Name, L_Name, Birth_Date, Address, Email, Phone, D_ID, Stage) VALUES (3, 'Emma', 'Johnson', TO_DATE('2003-03-12', 'YYYY-MM-DD'), 'CS Dorm', 'emma.johnson@example.com', '345345345', 1, 1);
INSERT INTO Students (S_ID, F_Name, L_Name, Birth_Date, Address, Email, Phone, D_ID, Stage) VALUES (4, 'Olivia', 'Brown', TO_DATE('2002-11-05', 'YYYY-MM-DD'), 'CS Dorm', 'olivia.brown@example.com', '456456456', 1, 1);
INSERT INTO Students (S_ID, F_Name, L_Name, Birth_Date, Address, Email, Phone, D_ID, Stage) VALUES (5, 'Noah', 'Davis', TO_DATE('2003-01-30', 'YYYY-MM-DD'), 'CS Dorm', 'noah.davis@example.com', '567567567', 1, 1);
INSERT INTO Students (S_ID, F_Name, L_Name, Birth_Date, Address, Email, Phone, D_ID, Stage) VALUES (6, 'Ava', 'Miller', TO_DATE('2002-08-14', 'YYYY-MM-DD'), 'CS Dorm', 'ava.miller@example.com', '678678678', 1, 1);
INSERT INTO Students (S_ID, F_Name, L_Name, Birth_Date, Address, Email, Phone, D_ID, Stage) VALUES (7, 'William', 'Wilson', TO_DATE('2003-05-22', 'YYYY-MM-DD'), 'CS Dorm', 'william.wilson@example.com', '789789789', 1, 1);
INSERT INTO Students (S_ID, F_Name, L_Name, Birth_Date, Address, Email, Phone, D_ID, Stage) VALUES (8, 'Sophia', 'Moore', TO_DATE('2002-12-10', 'YYYY-MM-DD'), 'CS Dorm', 'sophia.moore@example.com', '890890890', 1, 1);
INSERT INTO Students (S_ID, F_Name, L_Name, Birth_Date, Address, Email, Phone, D_ID, Stage) VALUES (9, 'James', 'Taylor', TO_DATE('2003-07-18', 'YYYY-MM-DD'), 'CS Dorm', 'james.taylor@example.com', '901901901', 1, 1);
INSERT INTO Students (S_ID, F_Name, L_Name, Birth_Date, Address, Email, Phone, D_ID, Stage) VALUES (10, 'Isabella', 'Anderson', TO_DATE('2002-10-25', 'YYYY-MM-DD'), 'CS Dorm', 'isabella.anderson@example.com', '012012012', 1, 1);
INSERT INTO Students (S_ID, F_Name, L_Name, Birth_Date, Address, Email, Phone, D_ID, Stage) VALUES (11, 'Benjamin', 'Thomas', TO_DATE('2003-04-07', 'YYYY-MM-DD'), 'CS Dorm', 'benjamin.thomas@example.com', '123123124', 1, 1);
INSERT INTO Students (S_ID, F_Name, L_Name, Birth_Date, Address, Email, Phone, D_ID, Stage) VALUES (12, 'Mia', 'Jackson', TO_DATE('2002-09-15', 'YYYY-MM-DD'), 'CS Dorm', 'mia.jackson@example.com', '234234235', 1, 1);
INSERT INTO Students (S_ID, F_Name, L_Name, Birth_Date, Address, Email, Phone, D_ID, Stage) VALUES (13, 'Lucas', 'White', TO_DATE('2003-02-28', 'YYYY-MM-DD'), 'CS Dorm', 'lucas.white@example.com', '345345346', 1, 1);
INSERT INTO Students (S_ID, F_Name, L_Name, Birth_Date, Address, Email, Phone, D_ID, Stage) VALUES (14, 'Charlotte', 'Harris', TO_DATE('2002-11-20', 'YYYY-MM-DD'), 'CS Dorm', 'charlotte.harris@example.com', '456456457', 1, 1);
INSERT INTO Students (S_ID, F_Name, L_Name, Birth_Date, Address, Email, Phone, D_ID, Stage) VALUES (15, 'Alexander', 'Martin', TO_DATE('2003-06-10', 'YYYY-MM-DD'), 'CS Dorm', 'alexander.martin@example.com', '567567568', 1, 1);
INSERT INTO Students (S_ID, F_Name, L_Name, Birth_Date, Address, Email, Phone, D_ID, Stage) VALUES (16, 'Amelia', 'Thompson', TO_DATE('2002-08-05', 'YYYY-MM-DD'), 'CS Dorm', 'amelia.thompson@example.com', '678678679', 1, 1);
INSERT INTO Students (S_ID, F_Name, L_Name, Birth_Date, Address, Email, Phone, D_ID, Stage) VALUES (17, 'Henry', 'Garcia', TO_DATE('2003-03-25', 'YYYY-MM-DD'), 'CS Dorm', 'henry.garcia@example.com', '789789790', 1, 1);
INSERT INTO Students (S_ID, F_Name, L_Name, Birth_Date, Address, Email, Phone, D_ID, Stage) VALUES (18, 'Evelyn', 'Martinez', TO_DATE('2002-12-15', 'YYYY-MM-DD'), 'CS Dorm', 'evelyn.martinez@example.com', '890890891', 1, 1);
INSERT INTO Students (S_ID, F_Name, L_Name, Birth_Date, Address, Email, Phone, D_ID, Stage) VALUES (19, 'Michael', 'Robinson', TO_DATE('2003-07-05', 'YYYY-MM-DD'), 'CS Dorm', 'michael.robinson@example.com', '901901902', 1, 1);
INSERT INTO Students (S_ID, F_Name, L_Name, Birth_Date, Address, Email, Phone, D_ID, Stage) VALUES (20, 'Abigail', 'Clark', TO_DATE('2002-10-10', 'YYYY-MM-DD'), 'CS Dorm', 'abigail.clark@example.com', '012012013', 1, 1);

INSERT INTO Students (S_ID, F_Name, L_Name, Birth_Date, Address, Email, Phone, D_ID, Stage) VALUES (21, 'Oliver', 'Lewis', TO_DATE('2002-05-12', 'YYYY-MM-DD'), 'CS Dorm', 'oliver.lewis@example.com', '123123125', 1, 2);
INSERT INTO Students (S_ID, F_Name, L_Name, Birth_Date, Address, Email, Phone, D_ID, Stage) VALUES (22, 'Sophia', 'Walker', TO_DATE('2001-09-22', 'YYYY-MM-DD'), 'CS Dorm', 'sophia.walker@example.com', '234234236', 1, 2);
INSERT INTO Students (S_ID, F_Name, L_Name, Birth_Date, Address, Email, Phone, D_ID, Stage) VALUES (23, 'Lucas', 'Hall', TO_DATE('2002-03-14', 'YYYY-MM-DD'), 'CS Dorm', 'lucas.hall@example.com', '345345347', 1, 2);
INSERT INTO Students (S_ID, F_Name, L_Name, Birth_Date, Address, Email, Phone, D_ID, Stage) VALUES (24, 'Mia', 'Allen', TO_DATE('2001-11-06', 'YYYY-MM-DD'), 'CS Dorm', 'mia.allen@example.com', '456456458', 1, 2);
INSERT INTO Students (S_ID, F_Name, L_Name, Birth_Date, Address, Email, Phone, D_ID, Stage) VALUES (25, 'Ethan', 'Young', TO_DATE('2002-01-31', 'YYYY-MM-DD'), 'CS Dorm', 'ethan.young@example.com', '567567569', 1, 2);
INSERT INTO Students (S_ID, F_Name, L_Name, Birth_Date, Address, Email, Phone, D_ID, Stage) VALUES (26, 'Isabella', 'Hernandez', TO_DATE('2001-08-15', 'YYYY-MM-DD'), 'CS Dorm', 'isabella.hernandez@example.com', '678678680', 1, 2);
INSERT INTO Students (S_ID, F_Name, L_Name, Birth_Date, Address, Email, Phone, D_ID, Stage) VALUES (27, 'James', 'King', TO_DATE('2002-05-23', 'YYYY-MM-DD'), 'CS Dorm', 'james.king@example.com', '789789791', 1, 2);
INSERT INTO Students (S_ID, F_Name, L_Name, Birth_Date, Address, Email, Phone, D_ID, Stage) VALUES (28, 'Charlotte', 'Wright', TO_DATE('2001-12-11', 'YYYY-MM-DD'), 'CS Dorm', 'charlotte.wright@example.com', '890890892', 1, 2);
INSERT INTO Students (S_ID, F_Name, L_Name, Birth_Date, Address, Email, Phone, D_ID, Stage) VALUES (29, 'Benjamin', 'Lopez', TO_DATE('2002-07-19', 'YYYY-MM-DD'), 'CS Dorm', 'benjamin.lopez@example.com', '901901903', 1, 2);
INSERT INTO Students (S_ID, F_Name, L_Name, Birth_Date, Address, Email, Phone, D_ID, Stage) VALUES (30, 'Amelia', 'Hill', TO_DATE('2001-10-26', 'YYYY-MM-DD'), 'CS Dorm', 'amelia.hill@example.com', '012012014', 1, 2);
INSERT INTO Students (S_ID, F_Name, L_Name, Birth_Date, Address, Email, Phone, D_ID, Stage) VALUES (31, 'William', 'Scott', TO_DATE('2002-04-08', 'YYYY-MM-DD'), 'CS Dorm', 'william.scott@example.com', '123123126', 1, 2);
INSERT INTO Students (S_ID, F_Name, L_Name, Birth_Date, Address, Email, Phone, D_ID, Stage) VALUES (32, 'Evelyn', 'Green', TO_DATE('2001-09-16', 'YYYY-MM-DD'), 'CS Dorm', 'evelyn.green@example.com', '234234237', 1, 2);
INSERT INTO Students (S_ID, F_Name, L_Name, Birth_Date, Address, Email, Phone, D_ID, Stage) VALUES (33, 'Michael', 'Adams', TO_DATE('2002-02-28', 'YYYY-MM-DD'), 'CS Dorm', 'michael.adams@example.com', '345345348', 1, 2);
INSERT INTO Students (S_ID, F_Name, L_Name, Birth_Date, Address, Email, Phone, D_ID, Stage) VALUES (34, 'Abigail', 'Baker', TO_DATE('2001-11-21', 'YYYY-MM-DD'), 'CS Dorm', 'abigail.baker@example.com', '456456459', 1, 2);
INSERT INTO Students (S_ID, F_Name, L_Name, Birth_Date, Address, Email, Phone, D_ID, Stage) VALUES (35, 'Alexander', 'Gonzalez', TO_DATE('2002-06-11', 'YYYY-MM-DD'), 'CS Dorm', 'alexander.gonzalez@example.com', '567567570', 1, 2);
INSERT INTO Students (S_ID, F_Name, L_Name, Birth_Date, Address, Email, Phone, D_ID, Stage) VALUES (36, 'Mia', 'Nelson', TO_DATE('2001-08-06', 'YYYY-MM-DD'), 'CS Dorm', 'mia.nelson@example.com', '678678681', 1, 2);
INSERT INTO Students (S_ID, F_Name, L_Name, Birth_Date, Address, Email, Phone, D_ID, Stage) VALUES (37, 'Henry', 'Carter', TO_DATE('2002-03-26', 'YYYY-MM-DD'), 'CS Dorm', 'henry.carter@example.com', '789789792', 1, 2);
INSERT INTO Students (S_ID, F_Name, L_Name, Birth_Date, Address, Email, Phone, D_ID, Stage) VALUES (38, 'Ella', 'Mitchell', TO_DATE('2001-12-16', 'YYYY-MM-DD'), 'CS Dorm', 'ella.mitchell@example.com', '890890893', 1, 2);
INSERT INTO Students (S_ID, F_Name, L_Name, Birth_Date, Address, Email, Phone, D_ID, Stage) VALUES (39, 'Liam', 'Perez', TO_DATE('2002-07-06', 'YYYY-MM-DD'), 'CS Dorm', 'liam.perez@example.com', '901901904', 1, 2);
INSERT INTO Students (S_ID, F_Name, L_Name, Birth_Date, Address, Email, Phone, D_ID, Stage) VALUES (40, 'Emma', 'Roberts', TO_DATE('2001-10-11', 'YYYY-MM-DD'), 'CS Dorm', 'emma.roberts@example.com', '012012015', 1, 2);

INSERT INTO Students (S_ID, F_Name, L_Name, Birth_Date, Address, Email, Phone, D_ID, Stage) VALUES (41, 'Noah', 'Turner', TO_DATE('2001-05-13', 'YYYY-MM-DD'), 'CS Dorm', 'noah.turner@example.com', '123123127', 1, 3);
INSERT INTO Students (S_ID, F_Name, L_Name, Birth_Date, Address, Email, Phone, D_ID, Stage) VALUES (42, 'Olivia', 'Phillips', TO_DATE('2000-09-23', 'YYYY-MM-DD'), 'CS Dorm', 'olivia.phillips@example.com', '234234238', 1, 3);
INSERT INTO Students (S_ID, F_Name, L_Name, Birth_Date, Address, Email, Phone, D_ID, Stage) VALUES (43, 'Lucas', 'Campbell', TO_DATE('2001-03-15', 'YYYY-MM-DD'), 'CS Dorm', 'lucas.campbell@example.com', '345345349', 1, 3);
INSERT INTO Students (S_ID, F_Name, L_Name, Birth_Date, Address, Email, Phone, D_ID, Stage) VALUES (44, 'Mia', 'Parker', TO_DATE('2000-11-07', 'YYYY-MM-DD'), 'CS Dorm', 'mia.parker@example.com', '456456460', 1, 3);
INSERT INTO Students (S_ID, F_Name, L_Name, Birth_Date, Address, Email, Phone, D_ID, Stage) VALUES (45, 'Ethan', 'Evans', TO_DATE('2001-01-31', 'YYYY-MM-DD'), 'CS Dorm', 'ethan.evans@example.com', '567567571', 1, 3);
INSERT INTO Students (S_ID, F_Name, L_Name, Birth_Date, Address, Email, Phone, D_ID, Stage) VALUES (46, 'Isabella', 'Edwards', TO_DATE('2000-08-16', 'YYYY-MM-DD'), 'CS Dorm', 'isabella.edwards@example.com', '678678682', 1, 3);
INSERT INTO Students (S_ID, F_Name, L_Name, Birth_Date, Address, Email, Phone, D_ID, Stage) VALUES (47, 'James', 'Collins', TO_DATE('2001-05-24', 'YYYY-MM-DD'), 'CS Dorm', 'james.collins@example.com', '789789793', 1, 3);
INSERT INTO Students (S_ID, F_Name, L_Name, Birth_Date, Address, Email, Phone, D_ID, Stage) VALUES (48, 'Charlotte', 'Stewart', TO_DATE('2000-12-12', 'YYYY-MM-DD'), 'CS Dorm', 'charlotte.stewart@example.com', '890890894', 1, 3);
INSERT INTO Students (S_ID, F_Name, L_Name, Birth_Date, Address, Email, Phone, D_ID, Stage) VALUES (49, 'Benjamin', 'Sanchez', TO_DATE('2001-07-20', 'YYYY-MM-DD'), 'CS Dorm', 'benjamin.sanchez@example.com', '901901905', 1, 3);
INSERT INTO Students (S_ID, F_Name, L_Name, Birth_Date, Address, Email, Phone, D_ID, Stage) VALUES (50, 'Amelia', 'Morris', TO_DATE('2000-10-27', 'YYYY-MM-DD'), 'CS Dorm', 'amelia.morris@example.com', '012012016', 1, 3);
INSERT INTO Students (S_ID, F_Name, L_Name, Birth_Date, Address, Email, Phone, D_ID, Stage) VALUES (51, 'William', 'Rogers', TO_DATE('2001-04-09', 'YYYY-MM-DD'), 'CS Dorm', 'william.rogers@example.com', '123123128', 1, 3);
INSERT INTO Students (S_ID, F_Name, L_Name, Birth_Date, Address, Email, Phone, D_ID, Stage) VALUES (52, 'Evelyn', 'Reed', TO_DATE('2000-09-17', 'YYYY-MM-DD'), 'CS Dorm', 'evelyn.reed@example.com', '234234239', 1, 3);
INSERT INTO Students (S_ID, F_Name, L_Name, Birth_Date, Address, Email, Phone, D_ID, Stage) VALUES (53, 'Michael', 'Cook', TO_DATE('2001-02-28', 'YYYY-MM-DD'), 'CS Dorm', 'michael.cook@example.com', '345345350', 1, 3);
INSERT INTO Students (S_ID, F_Name, L_Name, Birth_Date, Address, Email, Phone, D_ID, Stage) VALUES (54, 'Abigail', 'Morgan', TO_DATE('2000-11-22', 'YYYY-MM-DD'), 'CS Dorm', 'abigail.morgan@example.com', '456456461', 1, 3);
INSERT INTO Students (S_ID, F_Name, L_Name, Birth_Date, Address, Email, Phone, D_ID, Stage) VALUES (55, 'Alexander', 'Bell', TO_DATE('2001-06-12', 'YYYY-MM-DD'), 'CS Dorm', 'alexander.bell@example.com', '567567572', 1, 3);
INSERT INTO Students (S_ID, F_Name, L_Name, Birth_Date, Address, Email, Phone, D_ID, Stage) VALUES (56, 'Mia', 'Murphy', TO_DATE('2000-08-07', 'YYYY-MM-DD'), 'CS Dorm', 'mia.murphy@example.com', '678678683', 1, 3);
INSERT INTO Students (S_ID, F_Name, L_Name, Birth_Date, Address, Email, Phone, D_ID, Stage) VALUES (57, 'Henry', 'Bailey', TO_DATE('2001-03-27', 'YYYY-MM-DD'), 'CS Dorm', 'henry.bailey@example.com', '789789794', 1, 3);
INSERT INTO Students (S_ID, F_Name, L_Name, Birth_Date, Address, Email, Phone, D_ID, Stage) VALUES (58, 'Ella', 'Rivera', TO_DATE('2000-12-17', 'YYYY-MM-DD'), 'CS Dorm', 'ella.rivera@example.com', '890890895', 1, 3);
INSERT INTO Students (S_ID, F_Name, L_Name, Birth_Date, Address, Email, Phone, D_ID, Stage) VALUES (59, 'Liam', 'Cooper', TO_DATE('2001-07-07', 'YYYY-MM-DD'), 'CS Dorm', 'liam.cooper@example.com', '901901906', 1, 3);
INSERT INTO Students (S_ID, F_Name, L_Name, Birth_Date, Address, Email, Phone, D_ID, Stage) VALUES (60, 'Emma', 'Richardson', TO_DATE('2000-10-12', 'YYYY-MM-DD'), 'CS Dorm', 'emma.richardson@example.com', '012012017', 1, 3);

INSERT INTO Students (S_ID, F_Name, L_Name, Birth_Date, Address, Email, Phone, D_ID, Stage) VALUES (61, 'Noah', 'Cox', TO_DATE('2000-05-14', 'YYYY-MM-DD'), 'CS Dorm', 'noah.cox@example.com', '123123129', 1, 4);
INSERT INTO Students (S_ID, F_Name, L_Name, Birth_Date, Address, Email, Phone, D_ID, Stage) VALUES (62, 'Olivia', 'Howard', TO_DATE('1999-09-24', 'YYYY-MM-DD'), 'CS Dorm', 'olivia.howard@example.com', '234234240', 1, 4);
INSERT INTO Students (S_ID, F_Name, L_Name, Birth_Date, Address, Email, Phone, D_ID, Stage) VALUES (63, 'Lucas', 'Ward', TO_DATE('2000-03-16', 'YYYY-MM-DD'), 'CS Dorm', 'lucas.ward@example.com', '345345351', 1, 4);
INSERT INTO Students (S_ID, F_Name, L_Name, Birth_Date, Address, Email, Phone, D_ID, Stage) VALUES (64, 'Mia', 'Torres', TO_DATE('1999-11-08', 'YYYY-MM-DD'), 'CS Dorm', 'mia.torres@example.com', '456456462', 1, 4);
INSERT INTO Students (S_ID, F_Name, L_Name, Birth_Date, Address, Email, Phone, D_ID, Stage) VALUES (65, 'Ethan', 'Peterson', TO_DATE('2000-01-31', 'YYYY-MM-DD'), 'CS Dorm', 'ethan.peterson@example.com', '567567573', 1, 4);
INSERT INTO Students (S_ID, F_Name, L_Name, Birth_Date, Address, Email, Phone, D_ID, Stage) VALUES (66, 'Isabella', 'Gray', TO_DATE('1999-08-17', 'YYYY-MM-DD'), 'CS Dorm', 'isabella.gray@example.com', '678678684', 1, 4);
INSERT INTO Students (S_ID, F_Name, L_Name, Birth_Date, Address, Email, Phone, D_ID, Stage) VALUES (67, 'James', 'Ramirez', TO_DATE('2000-05-25', 'YYYY-MM-DD'), 'CS Dorm', 'james.ramirez@example.com', '789789795', 1, 4);
INSERT INTO Students (S_ID, F_Name, L_Name, Birth_Date, Address, Email, Phone, D_ID, Stage) VALUES (68, 'Charlotte', 'James', TO_DATE('1999-12-13', 'YYYY-MM-DD'), 'CS Dorm', 'charlotte.james@example.com', '890890896', 1, 4);
INSERT INTO Students (S_ID, F_Name, L_Name, Birth_Date, Address, Email, Phone, D_ID, Stage) VALUES (69, 'Benjamin', 'Watson', TO_DATE('2000-07-21', 'YYYY-MM-DD'), 'CS Dorm', 'benjamin.watson@example.com', '901901907', 1, 4);
INSERT INTO Students (S_ID, F_Name, L_Name, Birth_Date, Address, Email, Phone, D_ID, Stage) VALUES (70, 'Amelia', 'Brooks', TO_DATE('1999-10-28', 'YYYY-MM-DD'), 'CS Dorm', 'amelia.brooks@example.com', '012012018', 1, 4);
INSERT INTO Students (S_ID, F_Name, L_Name, Birth_Date, Address, Email, Phone, D_ID, Stage) VALUES (71, 'William', 'Kelly', TO_DATE('2000-04-10', 'YYYY-MM-DD'), 'CS Dorm', 'william.kelly@example.com', '123123130', 1, 4);
INSERT INTO Students (S_ID, F_Name, L_Name, Birth_Date, Address, Email, Phone, D_ID, Stage) VALUES (72, 'Evelyn', 'Sanders', TO_DATE('1999-09-18', 'YYYY-MM-DD'), 'CS Dorm', 'evelyn.sanders@example.com', '234234241', 1, 4);
INSERT INTO Students (S_ID, F_Name, L_Name, Birth_Date, Address, Email, Phone, D_ID, Stage) VALUES (73, 'Michael', 'Price', TO_DATE('2000-02-28', 'YYYY-MM-DD'), 'CS Dorm', 'michael.price@example.com', '345345352', 1, 4);
INSERT INTO Students (S_ID, F_Name, L_Name, Birth_Date, Address, Email, Phone, D_ID, Stage) VALUES (74, 'Abigail', 'Bennett', TO_DATE('1999-11-23', 'YYYY-MM-DD'), 'CS Dorm', 'abigail.bennett@example.com', '456456463', 1, 4);
INSERT INTO Students (S_ID, F_Name, L_Name, Birth_Date, Address, Email, Phone, D_ID, Stage) VALUES (75, 'Alexander', 'Wood', TO_DATE('2000-06-13', 'YYYY-MM-DD'), 'CS Dorm', 'alexander.wood@example.com', '567567574', 1, 4);
INSERT INTO Students (S_ID, F_Name, L_Name, Birth_Date, Address, Email, Phone, D_ID, Stage) VALUES (76, 'Mia', 'Barnes', TO_DATE('1999-08-08', 'YYYY-MM-DD'), 'CS Dorm', 'mia.barnes@example.com', '678678685', 1, 4);
INSERT INTO Students (S_ID, F_Name, L_Name, Birth_Date, Address, Email, Phone, D_ID, Stage) VALUES (77, 'Henry', 'Ross', TO_DATE('2000-03-28', 'YYYY-MM-DD'), 'CS Dorm', 'henry.ross@example.com', '789789796', 1, 4);
INSERT INTO Students (S_ID, F_Name, L_Name, Birth_Date, Address, Email, Phone, D_ID, Stage) VALUES (78, 'Ella', 'Henderson', TO_DATE('1999-12-18', 'YYYY-MM-DD'), 'CS Dorm', 'ella.henderson@example.com', '890890897', 1, 4);
INSERT INTO Students (S_ID, F_Name, L_Name, Birth_Date, Address, Email, Phone, D_ID, Stage) VALUES (79, 'Liam', 'Coleman', TO_DATE('2000-07-08', 'YYYY-MM-DD'), 'CS Dorm', 'liam.coleman@example.com', '901901908', 1, 4);
INSERT INTO Students (S_ID, F_Name, L_Name, Birth_Date, Address, Email, Phone, D_ID, Stage) VALUES (80, 'Emma', 'Jenkins', TO_DATE('1999-10-13', 'YYYY-MM-DD'), 'CS Dorm', 'emma.jenkins@example.com', '012012019', 1, 4);

INSERT INTO Students (S_ID, F_Name, L_Name, Birth_Date, Address, Email, Phone, D_ID, Stage) VALUES (81, 'John', 'Doe', TO_DATE('2003-06-15', 'YYYY-MM-DD'), 'Math Dorm', 'john.doe@example.com', '123123123', 2, 1);
INSERT INTO Students (S_ID, F_Name, L_Name, Birth_Date, Address, Email, Phone, D_ID, Stage) VALUES (82, 'Jane', 'Smith', TO_DATE('2002-09-21', 'YYYY-MM-DD'), 'Math Dorm', 'jane.smith@example.com', '234234234', 2, 1);
INSERT INTO Students (S_ID, F_Name, L_Name, Birth_Date, Address, Email, Phone, D_ID, Stage) VALUES (83, 'Alice', 'Johnson', TO_DATE('2003-03-12', 'YYYY-MM-DD'), 'Math Dorm', 'alice.johnson@example.com', '345345345', 2, 1);
INSERT INTO Students (S_ID, F_Name, L_Name, Birth_Date, Address, Email, Phone, D_ID, Stage) VALUES (84, 'Bob', 'Brown', TO_DATE('2002-11-05', 'YYYY-MM-DD'), 'Math Dorm', 'bob.brown@example.com', '456456456', 2, 1);
INSERT INTO Students (S_ID, F_Name, L_Name, Birth_Date, Address, Email, Phone, D_ID, Stage) VALUES (85, 'Charlie', 'Davis', TO_DATE('2003-01-30', 'YYYY-MM-DD'), 'Math Dorm', 'charlie.davis@example.com', '567567567', 2, 1);
INSERT INTO Students (S_ID, F_Name, L_Name, Birth_Date, Address, Email, Phone, D_ID, Stage) VALUES (86, 'Eva', 'Miller', TO_DATE('2002-08-14', 'YYYY-MM-DD'), 'Math Dorm', 'eva.miller@example.com', '678678678', 2, 1);
INSERT INTO Students (S_ID, F_Name, L_Name, Birth_Date, Address, Email, Phone, D_ID, Stage) VALUES (87, 'Frank', 'Wilson', TO_DATE('2003-05-22', 'YYYY-MM-DD'), 'Math Dorm', 'frank.wilson@example.com', '789789789', 2, 1);
INSERT INTO Students (S_ID, F_Name, L_Name, Birth_Date, Address, Email, Phone, D_ID, Stage) VALUES (88, 'Grace', 'Moore', TO_DATE('2002-12-10', 'YYYY-MM-DD'), 'Math Dorm', 'grace.moore@example.com', '890890890', 2, 1);
INSERT INTO Students (S_ID, F_Name, L_Name, Birth_Date, Address, Email, Phone, D_ID, Stage) VALUES (89, 'Henry', 'Taylor', TO_DATE('2003-07-18', 'YYYY-MM-DD'), 'Math Dorm', 'henry.taylor@example.com', '901901901', 2, 1);
INSERT INTO Students (S_ID, F_Name, L_Name, Birth_Date, Address, Email, Phone, D_ID, Stage) VALUES (90, 'Ivy', 'Anderson', TO_DATE('2002-10-25', 'YYYY-MM-DD'), 'Math Dorm', 'ivy.anderson@example.com', '012012012', 2, 1);
INSERT INTO Students (S_ID, F_Name, L_Name, Birth_Date, Address, Email, Phone, D_ID, Stage) VALUES (91, 'Jack', 'Thomas', TO_DATE('2003-04-07', 'YYYY-MM-DD'), 'Math Dorm', 'jack.thomas@example.com', '123123124', 2, 1);
INSERT INTO Students (S_ID, F_Name, L_Name, Birth_Date, Address, Email, Phone, D_ID, Stage) VALUES (92, 'Karen', 'Jackson', TO_DATE('2002-09-15', 'YYYY-MM-DD'), 'Math Dorm', 'karen.jackson@example.com', '234234235', 2, 1);
INSERT INTO Students (S_ID, F_Name, L_Name, Birth_Date, Address, Email, Phone, D_ID, Stage) VALUES (93, 'Leo', 'White', TO_DATE('2003-02-28', 'YYYY-MM-DD'), 'Math Dorm', 'leo.white@example.com', '345345346', 2, 1);
INSERT INTO Students (S_ID, F_Name, L_Name, Birth_Date, Address, Email, Phone, D_ID, Stage) VALUES (94, 'Mia', 'Harris', TO_DATE('2002-11-20', 'YYYY-MM-DD'), 'Math Dorm', 'mia.harris@example.com', '456456457', 2, 1);
INSERT INTO Students (S_ID, F_Name, L_Name, Birth_Date, Address, Email, Phone, D_ID, Stage) VALUES (95, 'Noah', 'Martin', TO_DATE('2003-06-10', 'YYYY-MM-DD'), 'Math Dorm', 'noah.martin@example.com', '567567568', 2, 1);
INSERT INTO Students (S_ID, F_Name, L_Name, Birth_Date, Address, Email, Phone, D_ID, Stage) VALUES (96, 'Olivia', 'Thompson', TO_DATE('2002-08-05', 'YYYY-MM-DD'), 'Math Dorm', 'olivia.thompson@example.com', '678678679', 2, 1);
INSERT INTO Students (S_ID, F_Name, L_Name, Birth_Date, Address, Email, Phone, D_ID, Stage) VALUES (97, 'Peter', 'Garcia', TO_DATE('2003-03-25', 'YYYY-MM-DD'), 'Math Dorm', 'peter.garcia@example.com', '789789790', 2, 1);
INSERT INTO Students (S_ID, F_Name, L_Name, Birth_Date, Address, Email, Phone, D_ID, Stage) VALUES (98, 'Quinn', 'Martinez', TO_DATE('2002-12-15', 'YYYY-MM-DD'), 'Math Dorm', 'quinn.martinez@example.com', '890890891', 2, 1);
INSERT INTO Students (S_ID, F_Name, L_Name, Birth_Date, Address, Email, Phone, D_ID, Stage) VALUES (99, 'Ryan', 'Robinson', TO_DATE('2003-07-05', 'YYYY-MM-DD'), 'Math Dorm', 'ryan.robinson@example.com', '901901902', 2, 1);
INSERT INTO Students (S_ID, F_Name, L_Name, Birth_Date, Address, Email, Phone, D_ID, Stage) VALUES (100, 'Sara', 'Clark', TO_DATE('2002-10-10', 'YYYY-MM-DD'), 'Math Dorm', 'sara.clark@example.com', '012012013', 2, 1);

INSERT INTO Students (S_ID, F_Name, L_Name, Birth_Date, Address, Email, Phone, D_ID, Stage) VALUES (101, 'Tom', 'Lewis', TO_DATE('2002-05-12', 'YYYY-MM-DD'), 'Math Dorm', 'tom.lewis@example.com', '123123125', 2, 2);
INSERT INTO Students (S_ID, F_Name, L_Name, Birth_Date, Address, Email, Phone, D_ID, Stage) VALUES (102, 'Uma', 'Walker', TO_DATE('2001-09-22', 'YYYY-MM-DD'), 'Math Dorm', 'uma.walker@example.com', '234234236', 2, 2);
INSERT INTO Students (S_ID, F_Name, L_Name, Birth_Date, Address, Email, Phone, D_ID, Stage) VALUES (103, 'Victor', 'Hall', TO_DATE('2002-03-14', 'YYYY-MM-DD'), 'Math Dorm', 'victor.hall@example.com', '345345347', 2, 2);
INSERT INTO Students (S_ID, F_Name, L_Name, Birth_Date, Address, Email, Phone, D_ID, Stage) VALUES (104, 'Wendy', 'Allen', TO_DATE('2001-11-06', 'YYYY-MM-DD'), 'Math Dorm', 'wendy.allen@example.com', '456456458', 2, 2);
INSERT INTO Students (S_ID, F_Name, L_Name, Birth_Date, Address, Email, Phone, D_ID, Stage) VALUES (105, 'Xander', 'Young', TO_DATE('2002-01-31', 'YYYY-MM-DD'), 'Math Dorm', 'xander.young@example.com', '567567569', 2, 2);
INSERT INTO Students (S_ID, F_Name, L_Name, Birth_Date, Address, Email, Phone, D_ID, Stage) VALUES (106, 'Yara', 'Hernandez', TO_DATE('2001-08-15', 'YYYY-MM-DD'), 'Math Dorm', 'yara.hernandez@example.com', '678678680', 2, 2);
INSERT INTO Students (S_ID, F_Name, L_Name, Birth_Date, Address, Email, Phone, D_ID, Stage) VALUES (107, 'Zack', 'King', TO_DATE('2002-05-23', 'YYYY-MM-DD'), 'Math Dorm', 'zack.king@example.com', '789789791', 2, 2);
INSERT INTO Students (S_ID, F_Name, L_Name, Birth_Date, Address, Email, Phone, D_ID, Stage) VALUES (108, 'Amy', 'Wright', TO_DATE('2001-12-11', 'YYYY-MM-DD'), 'Math Dorm', 'amy.wright@example.com', '890890892', 2, 2);
INSERT INTO Students (S_ID, F_Name, L_Name, Birth_Date, Address, Email, Phone, D_ID, Stage) VALUES (109, 'Ben', 'Lopez', TO_DATE('2002-07-19', 'YYYY-MM-DD'), 'Math Dorm', 'ben.lopez@example.com', '901901903', 2, 2);
INSERT INTO Students (S_ID, F_Name, L_Name, Birth_Date, Address, Email, Phone, D_ID, Stage) VALUES (110, 'Cara', 'Hill', TO_DATE('2001-10-26', 'YYYY-MM-DD'), 'Math Dorm', 'cara.hill@example.com', '012012014', 2, 2);
INSERT INTO Students (S_ID, F_Name, L_Name, Birth_Date, Address, Email, Phone, D_ID, Stage) VALUES (111, 'Dan', 'Scott', TO_DATE('2002-04-08', 'YYYY-MM-DD'), 'Math Dorm', 'dan.scott@example.com', '123123126', 2, 2);
INSERT INTO Students (S_ID, F_Name, L_Name, Birth_Date, Address, Email, Phone, D_ID, Stage) VALUES (112, 'Eve', 'Green', TO_DATE('2001-09-16', 'YYYY-MM-DD'), 'Math Dorm', 'eve.green@example.com', '234234237', 2, 2);
INSERT INTO Students (S_ID, F_Name, L_Name, Birth_Date, Address, Email, Phone, D_ID, Stage) VALUES (113, 'Finn', 'Adams', TO_DATE('2002-02-28', 'YYYY-MM-DD'), 'Math Dorm', 'finn.adams@example.com', '345345348', 2, 2);
INSERT INTO Students (S_ID, F_Name, L_Name, Birth_Date, Address, Email, Phone, D_ID, Stage) VALUES (114, 'Gina', 'Baker', TO_DATE('2001-11-21', 'YYYY-MM-DD'), 'Math Dorm', 'gina.baker@example.com', '456456459', 2, 2);
INSERT INTO Students (S_ID, F_Name, L_Name, Birth_Date, Address, Email, Phone, D_ID, Stage) VALUES (115, 'Hank', 'Gonzalez', TO_DATE('2002-06-11', 'YYYY-MM-DD'), 'Math Dorm', 'hank.gonzalez@example.com', '567567570', 2, 2);
INSERT INTO Students (S_ID, F_Name, L_Name, Birth_Date, Address, Email, Phone, D_ID, Stage) VALUES (116, 'Iris', 'Nelson', TO_DATE('2001-08-06', 'YYYY-MM-DD'), 'Math Dorm', 'iris.nelson@example.com', '678678681', 2, 2);
INSERT INTO Students (S_ID, F_Name, L_Name, Birth_Date, Address, Email, Phone, D_ID, Stage) VALUES (117, 'Jake', 'Carter', TO_DATE('2002-03-26', 'YYYY-MM-DD'), 'Math Dorm', 'jake.carter@example.com', '789789792', 2, 2);
INSERT INTO Students (S_ID, F_Name, L_Name, Birth_Date, Address, Email, Phone, D_ID, Stage) VALUES (118, 'Kara', 'Mitchell', TO_DATE('2001-12-16', 'YYYY-MM-DD'), 'Math Dorm', 'kara.mitchell@example.com', '890890893', 2, 2);
INSERT INTO Students (S_ID, F_Name, L_Name, Birth_Date, Address, Email, Phone, D_ID, Stage) VALUES (119, 'Liam', 'Perez', TO_DATE('2002-07-06', 'YYYY-MM-DD'), 'Math Dorm', 'liam.perez@example.com', '901901904', 2, 2);
INSERT INTO Students (S_ID, F_Name, L_Name, Birth_Date, Address, Email, Phone, D_ID, Stage) VALUES (120, 'Mona', 'Roberts', TO_DATE('2001-10-11', 'YYYY-MM-DD'), 'Math Dorm', 'mona.roberts@example.com', '012012015', 2, 2);

INSERT INTO Students (S_ID, F_Name, L_Name, Birth_Date, Address, Email, Phone, D_ID, Stage) VALUES (121, 'Nina', 'Turner', TO_DATE('2001-05-13', 'YYYY-MM-DD'), 'Math Dorm', 'nina.turner@example.com', '123123127', 2, 3);
INSERT INTO Students (S_ID, F_Name, L_Name, Birth_Date, Address, Email, Phone, D_ID, Stage) VALUES (122, 'Oscar', 'Phillips', TO_DATE('2000-09-23', 'YYYY-MM-DD'), 'Math Dorm', 'oscar.phillips@example.com', '234234238', 2, 3);
INSERT INTO Students (S_ID, F_Name, L_Name, Birth_Date, Address, Email, Phone, D_ID, Stage) VALUES (123, 'Penny', 'Campbell', TO_DATE('2001-03-15', 'YYYY-MM-DD'), 'Math Dorm', 'penny.campbell@example.com', '345345349', 2, 3);
INSERT INTO Students (S_ID, F_Name, L_Name, Birth_Date, Address, Email, Phone, D_ID, Stage) VALUES (124, 'Quincy', 'Parker', TO_DATE('2000-11-07', 'YYYY-MM-DD'), 'Math Dorm', 'quincy.parker@example.com', '456456460', 2, 3);
INSERT INTO Students (S_ID, F_Name, L_Name, Birth_Date, Address, Email, Phone, D_ID, Stage) VALUES (125, 'Rita', 'Evans', TO_DATE('2001-01-31', 'YYYY-MM-DD'), 'Math Dorm', 'rita.evans@example.com', '567567571', 2, 3);
INSERT INTO Students (S_ID, F_Name, L_Name, Birth_Date, Address, Email, Phone, D_ID, Stage) VALUES (126, 'Steve', 'Edwards', TO_DATE('2000-08-16', 'YYYY-MM-DD'), 'Math Dorm', 'steve.edwards@example.com', '678678682', 2, 3);
INSERT INTO Students (S_ID, F_Name, L_Name, Birth_Date, Address, Email, Phone, D_ID, Stage) VALUES (127, 'Tina', 'Collins', TO_DATE('2001-05-24', 'YYYY-MM-DD'), 'Math Dorm', 'tina.collins@example.com', '789789793', 2, 3);
INSERT INTO Students (S_ID, F_Name, L_Name, Birth_Date, Address, Email, Phone, D_ID, Stage) VALUES (128, 'Umar', 'Stewart', TO_DATE('2000-12-12', 'YYYY-MM-DD'), 'Math Dorm', 'umar.stewart@example.com', '890890894', 2, 3);
INSERT INTO Students (S_ID, F_Name, L_Name, Birth_Date, Address, Email, Phone, D_ID, Stage) VALUES (129, 'Vera', 'Sanchez', TO_DATE('2001-07-20', 'YYYY-MM-DD'), 'Math Dorm', 'vera.sanchez@example.com', '901901905', 2, 3);
INSERT INTO Students (S_ID, F_Name, L_Name, Birth_Date, Address, Email, Phone, D_ID, Stage) VALUES (130, 'Will', 'Morris', TO_DATE('2000-10-27', 'YYYY-MM-DD'), 'Math Dorm', 'will.morris@example.com', '012012016', 2, 3);
INSERT INTO Students (S_ID, F_Name, L_Name, Birth_Date, Address, Email, Phone, D_ID, Stage) VALUES (131, 'Xena', 'Rogers', TO_DATE('2001-04-09', 'YYYY-MM-DD'), 'Math Dorm', 'xena.rogers@example.com', '123123128', 2, 3);
INSERT INTO Students (S_ID, F_Name, L_Name, Birth_Date, Address, Email, Phone, D_ID, Stage) VALUES (132, 'Yuri', 'Reed', TO_DATE('2000-09-17', 'YYYY-MM-DD'), 'Math Dorm', 'yuri.reed@example.com', '234234239', 2, 3);
INSERT INTO Students (S_ID, F_Name, L_Name, Birth_Date, Address, Email, Phone, D_ID, Stage) VALUES (133, 'Zara', 'Cook', TO_DATE('2001-02-28', 'YYYY-MM-DD'), 'Math Dorm', 'zara.cook@example.com', '345345350', 2, 3);
INSERT INTO Students (S_ID, F_Name, L_Name, Birth_Date, Address, Email, Phone, D_ID, Stage) VALUES (134, 'Aaron', 'Morgan', TO_DATE('2000-11-22', 'YYYY-MM-DD'), 'Math Dorm', 'aaron.morgan@example.com', '456456461', 2, 3);
INSERT INTO Students (S_ID, F_Name, L_Name, Birth_Date, Address, Email, Phone, D_ID, Stage) VALUES (135, 'Bella', 'Bell', TO_DATE('2001-06-12', 'YYYY-MM-DD'), 'Math Dorm', 'bella.bell@example.com', '567567572', 2, 3);
INSERT INTO Students (S_ID, F_Name, L_Name, Birth_Date, Address, Email, Phone, D_ID, Stage) VALUES (136, 'Cody', 'Murphy', TO_DATE('2000-08-07', 'YYYY-MM-DD'), 'Math Dorm', 'cody.murphy@example.com', '678678683', 2, 3);
INSERT INTO Students (S_ID, F_Name, L_Name, Birth_Date, Address, Email, Phone, D_ID, Stage) VALUES (137, 'Dana', 'Bailey', TO_DATE('2001-03-27', 'YYYY-MM-DD'), 'Math Dorm', 'dana.bailey@example.com', '789789794', 2, 3);
INSERT INTO Students (S_ID, F_Name, L_Name, Birth_Date, Address, Email, Phone, D_ID, Stage) VALUES (138, 'Eli', 'Rivera', TO_DATE('2000-12-17', 'YYYY-MM-DD'), 'Math Dorm', 'eli.rivera@example.com', '890890895', 2, 3);
INSERT INTO Students (S_ID, F_Name, L_Name, Birth_Date, Address, Email, Phone, D_ID, Stage) VALUES (139, 'Faye', 'Cooper', TO_DATE('2001-07-07', 'YYYY-MM-DD'), 'Math Dorm', 'faye.cooper@example.com', '901901906', 2, 3);
INSERT INTO Students (S_ID, F_Name, L_Name, Birth_Date, Address, Email, Phone, D_ID, Stage) VALUES (140, 'Gabe', 'Richardson', TO_DATE('2000-10-12', 'YYYY-MM-DD'), 'Math Dorm', 'gabe.richardson@example.com', '012012017', 2, 3);

INSERT INTO Students (S_ID, F_Name, L_Name, Birth_Date, Address, Email, Phone, D_ID, Stage) VALUES (141, 'Hana', 'Cox', TO_DATE('2000-05-14', 'YYYY-MM-DD'), 'Math Dorm', 'hana.cox@example.com', '123123129', 2, 4);
INSERT INTO Students (S_ID, F_Name, L_Name, Birth_Date, Address, Email, Phone, D_ID, Stage) VALUES (142, 'Ivan', 'Howard', TO_DATE('1999-09-24', 'YYYY-MM-DD'), 'Math Dorm', 'ivan.howard@example.com', '234234240', 2, 4);
INSERT INTO Students (S_ID, F_Name, L_Name, Birth_Date, Address, Email, Phone, D_ID, Stage) VALUES (143, 'Jill', 'Ward', TO_DATE('2000-03-16', 'YYYY-MM-DD'), 'Math Dorm', 'jill.ward@example.com', '345345351', 2, 4);
INSERT INTO Students (S_ID, F_Name, L_Name, Birth_Date, Address, Email, Phone, D_ID, Stage) VALUES (144, 'Kurt', 'Torres', TO_DATE('1999-11-08', 'YYYY-MM-DD'), 'Math Dorm', 'kurt.torres@example.com', '456456462', 2, 4);
INSERT INTO Students (S_ID, F_Name, L_Name, Birth_Date, Address, Email, Phone, D_ID, Stage) VALUES (145, 'Lena', 'Peterson', TO_DATE('2000-01-31', 'YYYY-MM-DD'), 'Math Dorm', 'lena.peterson@example.com', '567567573', 2, 4);
INSERT INTO Students (S_ID, F_Name, L_Name, Birth_Date, Address, Email, Phone, D_ID, Stage) VALUES (146, 'Milo', 'Gray', TO_DATE('1999-08-17', 'YYYY-MM-DD'), 'Math Dorm', 'milo.gray@example.com', '678678684', 2, 4);
INSERT INTO Students (S_ID, F_Name, L_Name, Birth_Date, Address, Email, Phone, D_ID, Stage) VALUES (147, 'Nora', 'Ramirez', TO_DATE('2000-05-25', 'YYYY-MM-DD'), 'Math Dorm', 'nora.ramirez@example.com', '789789795', 2, 4);
INSERT INTO Students (S_ID, F_Name, L_Name, Birth_Date, Address, Email, Phone, D_ID, Stage) VALUES (148, 'Owen', 'James', TO_DATE('1999-12-13', 'YYYY-MM-DD'), 'Math Dorm', 'owen.james@example.com', '890890896', 2, 4);
INSERT INTO Students (S_ID, F_Name, L_Name, Birth_Date, Address, Email, Phone, D_ID, Stage) VALUES (149, 'Paula', 'Watson', TO_DATE('2000-07-21', 'YYYY-MM-DD'), 'Math Dorm', 'paula.watson@example.com', '901901907', 2, 4);
INSERT INTO Students (S_ID, F_Name, L_Name, Birth_Date, Address, Email, Phone, D_ID, Stage) VALUES (150, 'Quinn', 'Brooks', TO_DATE('1999-10-28', 'YYYY-MM-DD'), 'Math Dorm', 'quinn.brooks@example.com', '012012018', 2, 4);
INSERT INTO Students (S_ID, F_Name, L_Name, Birth_Date, Address, Email, Phone, D_ID, Stage) VALUES (151, 'Ryan', 'Kelly', TO_DATE('2000-04-10', 'YYYY-MM-DD'), 'Math Dorm', 'ryan.kelly@example.com', '123123130', 2, 4);
INSERT INTO Students (S_ID, F_Name, L_Name, Birth_Date, Address, Email, Phone, D_ID, Stage) VALUES (152, 'Sara', 'Sanders', TO_DATE('1999-09-18', 'YYYY-MM-DD'), 'Math Dorm', 'sara.sanders@example.com', '234234241', 2, 4);
INSERT INTO Students (S_ID, F_Name, L_Name, Birth_Date, Address, Email, Phone, D_ID, Stage) VALUES (153, 'Tom', 'Price', TO_DATE('2000-02-28', 'YYYY-MM-DD'), 'Math Dorm', 'tom.price@example.com', '345345352', 2, 4);
INSERT INTO Students (S_ID, F_Name, L_Name, Birth_Date, Address, Email, Phone, D_ID, Stage) VALUES (154, 'Uma', 'Bennett', TO_DATE('1999-11-23', 'YYYY-MM-DD'), 'Math Dorm', 'uma.bennett@example.com', '456456463', 2, 4);
INSERT INTO Students (S_ID, F_Name, L_Name, Birth_Date, Address, Email, Phone, D_ID, Stage) VALUES (155, 'Victor', 'Wood', TO_DATE('2000-06-13', 'YYYY-MM-DD'), 'Math Dorm', 'victor.wood@example.com', '567567574', 2, 4);
INSERT INTO Students (S_ID, F_Name, L_Name, Birth_Date, Address, Email, Phone, D_ID, Stage) VALUES (156, 'Wendy', 'Barnes', TO_DATE('1999-08-08', 'YYYY-MM-DD'), 'Math Dorm', 'wendy.barnes@example.com', '678678685', 2, 4);
INSERT INTO Students (S_ID, F_Name, L_Name, Birth_Date, Address, Email, Phone, D_ID, Stage) VALUES (157, 'Xander', 'Ross', TO_DATE('2000-03-28', 'YYYY-MM-DD'), 'Math Dorm', 'xander.ross@example.com', '789789796', 2, 4);
INSERT INTO Students (S_ID, F_Name, L_Name, Birth_Date, Address, Email, Phone, D_ID, Stage) VALUES (158, 'Yara', 'Henderson', TO_DATE('1999-12-18', 'YYYY-MM-DD'), 'Math Dorm', 'yara.henderson@example.com', '890890897', 2, 4);
INSERT INTO Students (S_ID, F_Name, L_Name, Birth_Date, Address, Email, Phone, D_ID, Stage) VALUES (159, 'Zack', 'Coleman', TO_DATE('2000-07-08', 'YYYY-MM-DD'), 'Math Dorm', 'zack.coleman@example.com', '901901908', 2, 4);
INSERT INTO Students (S_ID, F_Name, L_Name, Birth_Date, Address, Email, Phone, D_ID, Stage) VALUES (160, 'Amy', 'Jenkins', TO_DATE('1999-10-13', 'YYYY-MM-DD'), 'Math Dorm', 'amy.jenkins@example.com', '012012019', 2, 4);

INSERT INTO Students (S_ID, F_Name, L_Name, Birth_Date, Address, Email, Phone, D_ID, Stage) VALUES (161, 'John', 'Doe', TO_DATE('2003-06-15', 'YYYY-MM-DD'), 'Physics Dorm', 'john.doe@example.com', '123123123', 3, 1);
INSERT INTO Students (S_ID, F_Name, L_Name, Birth_Date, Address, Email, Phone, D_ID, Stage) VALUES (162, 'Jane', 'Smith', TO_DATE('2002-09-21', 'YYYY-MM-DD'), 'Physics Dorm', 'jane.smith@example.com', '234234234', 3, 1);
INSERT INTO Students (S_ID, F_Name, L_Name, Birth_Date, Address, Email, Phone, D_ID, Stage) VALUES (163, 'Alice', 'Johnson', TO_DATE('2003-03-12', 'YYYY-MM-DD'), 'Physics Dorm', 'alice.johnson@example.com', '345345345', 3, 1);
INSERT INTO Students (S_ID, F_Name, L_Name, Birth_Date, Address, Email, Phone, D_ID, Stage) VALUES (164, 'Bob', 'Brown', TO_DATE('2002-11-05', 'YYYY-MM-DD'), 'Physics Dorm', 'bob.brown@example.com', '456456456', 3, 1);
INSERT INTO Students (S_ID, F_Name, L_Name, Birth_Date, Address, Email, Phone, D_ID, Stage) VALUES (165, 'Charlie', 'Davis', TO_DATE('2003-01-30', 'YYYY-MM-DD'), 'Physics Dorm', 'charlie.davis@example.com', '567567567', 3, 1);
INSERT INTO Students (S_ID, F_Name, L_Name, Birth_Date, Address, Email, Phone, D_ID, Stage) VALUES (166, 'Eva', 'Miller', TO_DATE('2002-08-14', 'YYYY-MM-DD'), 'Physics Dorm', 'eva.miller@example.com', '678678678', 3, 1);
INSERT INTO Students (S_ID, F_Name, L_Name, Birth_Date, Address, Email, Phone, D_ID, Stage) VALUES (167, 'Frank', 'Wilson', TO_DATE('2003-05-22', 'YYYY-MM-DD'), 'Physics Dorm', 'frank.wilson@example.com', '789789789', 3, 1);
INSERT INTO Students (S_ID, F_Name, L_Name, Birth_Date, Address, Email, Phone, D_ID, Stage) VALUES (168, 'Grace', 'Moore', TO_DATE('2002-12-10', 'YYYY-MM-DD'), 'Physics Dorm', 'grace.moore@example.com', '890890890', 3, 1);
INSERT INTO Students (S_ID, F_Name, L_Name, Birth_Date, Address, Email, Phone, D_ID, Stage) VALUES (169, 'Henry', 'Taylor', TO_DATE('2003-07-18', 'YYYY-MM-DD'), 'Physics Dorm', 'henry.taylor@example.com', '901901901', 3, 1);
INSERT INTO Students (S_ID, F_Name, L_Name, Birth_Date, Address, Email, Phone, D_ID, Stage) VALUES (170, 'Ivy', 'Anderson', TO_DATE('2002-10-25', 'YYYY-MM-DD'), 'Physics Dorm', 'ivy.anderson@example.com', '012012012', 3, 1);
INSERT INTO Students (S_ID, F_Name, L_Name, Birth_Date, Address, Email, Phone, D_ID, Stage) VALUES (171, 'Jack', 'Thomas', TO_DATE('2003-04-07', 'YYYY-MM-DD'), 'Physics Dorm', 'jack.thomas@example.com', '123123124', 3, 1);
INSERT INTO Students (S_ID, F_Name, L_Name, Birth_Date, Address, Email, Phone, D_ID, Stage) VALUES (172, 'Karen', 'Jackson', TO_DATE('2002-09-15', 'YYYY-MM-DD'), 'Physics Dorm', 'karen.jackson@example.com', '234234235', 3, 1);
INSERT INTO Students (S_ID, F_Name, L_Name, Birth_Date, Address, Email, Phone, D_ID, Stage) VALUES (173, 'Leo', 'White', TO_DATE('2003-02-28', 'YYYY-MM-DD'), 'Physics Dorm', 'leo.white@example.com', '345345346', 3, 1);
INSERT INTO Students (S_ID, F_Name, L_Name, Birth_Date, Address, Email, Phone, D_ID, Stage) VALUES (174, 'Mia', 'Harris', TO_DATE('2002-11-20', 'YYYY-MM-DD'), 'Physics Dorm', 'mia.harris@example.com', '456456457', 3, 1);
INSERT INTO Students (S_ID, F_Name, L_Name, Birth_Date, Address, Email, Phone, D_ID, Stage) VALUES (175, 'Noah', 'Martin', TO_DATE('2003-06-10', 'YYYY-MM-DD'), 'Physics Dorm', 'noah.martin@example.com', '567567568', 3, 1);
INSERT INTO Students (S_ID, F_Name, L_Name, Birth_Date, Address, Email, Phone, D_ID, Stage) VALUES (176, 'Olivia', 'Thompson', TO_DATE('2002-08-05', 'YYYY-MM-DD'), 'Physics Dorm', 'olivia.thompson@example.com', '678678679', 3, 1);
INSERT INTO Students (S_ID, F_Name, L_Name, Birth_Date, Address, Email, Phone, D_ID, Stage) VALUES (177, 'Peter', 'Garcia', TO_DATE('2003-03-25', 'YYYY-MM-DD'), 'Physics Dorm', 'peter.garcia@example.com', '789789790', 3, 1);
INSERT INTO Students (S_ID, F_Name, L_Name, Birth_Date, Address, Email, Phone, D_ID, Stage) VALUES (178, 'Quinn', 'Martinez', TO_DATE('2002-12-15', 'YYYY-MM-DD'), 'Physics Dorm', 'quinn.martinez@example.com', '890890891', 3, 1);
INSERT INTO Students (S_ID, F_Name, L_Name, Birth_Date, Address, Email, Phone, D_ID, Stage) VALUES (179, 'Ryan', 'Robinson', TO_DATE('2003-07-05', 'YYYY-MM-DD'), 'Physics Dorm', 'ryan.robinson@example.com', '901901902', 3, 1);
INSERT INTO Students (S_ID, F_Name, L_Name, Birth_Date, Address, Email, Phone, D_ID, Stage) VALUES (180, 'Sara', 'Clark', TO_DATE('2002-10-10', 'YYYY-MM-DD'), 'Physics Dorm', 'sara.clark@example.com', '012012013', 3, 1);

INSERT INTO Students (S_ID, F_Name, L_Name, Birth_Date, Address, Email, Phone, D_ID, Stage) VALUES (181, 'Tom', 'Lewis', TO_DATE('2002-05-12', 'YYYY-MM-DD'), 'Physics Dorm', 'tom.lewis@example.com', '123123125', 3, 2);
INSERT INTO Students (S_ID, F_Name, L_Name, Birth_Date, Address, Email, Phone, D_ID, Stage) VALUES (182, 'Uma', 'Walker', TO_DATE('2001-09-22', 'YYYY-MM-DD'), 'Physics Dorm', 'uma.walker@example.com', '234234236', 3, 2);
INSERT INTO Students (S_ID, F_Name, L_Name, Birth_Date, Address, Email, Phone, D_ID, Stage) VALUES (183, 'Victor', 'Hall', TO_DATE('2002-03-14', 'YYYY-MM-DD'), 'Physics Dorm', 'victor.hall@example.com', '345345347', 3, 2);
INSERT INTO Students (S_ID, F_Name, L_Name, Birth_Date, Address, Email, Phone, D_ID, Stage) VALUES (184, 'Wendy', 'Allen', TO_DATE('2001-11-06', 'YYYY-MM-DD'), 'Physics Dorm', 'wendy.allen@example.com', '456456458', 3, 2);
INSERT INTO Students (S_ID, F_Name, L_Name, Birth_Date, Address, Email, Phone, D_ID, Stage) VALUES (185, 'Xander', 'Young', TO_DATE('2002-01-31', 'YYYY-MM-DD'), 'Physics Dorm', 'xander.young@example.com', '567567569', 3, 2);
INSERT INTO Students (S_ID, F_Name, L_Name, Birth_Date, Address, Email, Phone, D_ID, Stage) VALUES (186, 'Yara', 'Hernandez', TO_DATE('2001-08-15', 'YYYY-MM-DD'), 'Physics Dorm', 'yara.hernandez@example.com', '678678680', 3, 2);
INSERT INTO Students (S_ID, F_Name, L_Name, Birth_Date, Address, Email, Phone, D_ID, Stage) VALUES (187, 'Zack', 'King', TO_DATE('2002-05-23', 'YYYY-MM-DD'), 'Physics Dorm', 'zack.king@example.com', '789789791', 3, 2);
INSERT INTO Students (S_ID, F_Name, L_Name, Birth_Date, Address, Email, Phone, D_ID, Stage) VALUES (188, 'Amy', 'Wright', TO_DATE('2001-12-11', 'YYYY-MM-DD'), 'Physics Dorm', 'amy.wright@example.com', '890890892', 3, 2);
INSERT INTO Students (S_ID, F_Name, L_Name, Birth_Date, Address, Email, Phone, D_ID, Stage) VALUES (189, 'Ben', 'Lopez', TO_DATE('2002-07-19', 'YYYY-MM-DD'), 'Physics Dorm', 'ben.lopez@example.com', '901901903', 3, 2);
INSERT INTO Students (S_ID, F_Name, L_Name, Birth_Date, Address, Email, Phone, D_ID, Stage) VALUES (190, 'Cara', 'Hill', TO_DATE('2001-10-26', 'YYYY-MM-DD'), 'Physics Dorm', 'cara.hill@example.com', '012012014', 3, 2);
INSERT INTO Students (S_ID, F_Name, L_Name, Birth_Date, Address, Email, Phone, D_ID, Stage) VALUES (191, 'Dan', 'Scott', TO_DATE('2002-04-08', 'YYYY-MM-DD'), 'Physics Dorm', 'dan.scott@example.com', '123123126', 3, 2);
INSERT INTO Students (S_ID, F_Name, L_Name, Birth_Date, Address, Email, Phone, D_ID, Stage) VALUES (192, 'Eve', 'Green', TO_DATE('2001-09-16', 'YYYY-MM-DD'), 'Physics Dorm', 'eve.green@example.com', '234234237', 3, 2);
INSERT INTO Students (S_ID, F_Name, L_Name, Birth_Date, Address, Email, Phone, D_ID, Stage) VALUES (193, 'Finn', 'Adams', TO_DATE('2002-02-28', 'YYYY-MM-DD'), 'Physics Dorm', 'finn.adams@example.com', '345345348', 3, 2);
INSERT INTO Students (S_ID, F_Name, L_Name, Birth_Date, Address, Email, Phone, D_ID, Stage) VALUES (194, 'Gina', 'Baker', TO_DATE('2001-11-21', 'YYYY-MM-DD'), 'Physics Dorm', 'gina.baker@example.com', '456456459', 3, 2);
INSERT INTO Students (S_ID, F_Name, L_Name, Birth_Date, Address, Email, Phone, D_ID, Stage) VALUES (195, 'Hank', 'Gonzalez', TO_DATE('2002-06-11', 'YYYY-MM-DD'), 'Physics Dorm', 'hank.gonzalez@example.com', '567567570', 3, 2);
INSERT INTO Students (S_ID, F_Name, L_Name, Birth_Date, Address, Email, Phone, D_ID, Stage) VALUES (196, 'Iris', 'Nelson', TO_DATE('2001-08-06', 'YYYY-MM-DD'), 'Physics Dorm', 'iris.nelson@example.com', '678678681', 3, 2);
INSERT INTO Students (S_ID, F_Name, L_Name, Birth_Date, Address, Email, Phone, D_ID, Stage) VALUES (197, 'Jake', 'Carter', TO_DATE('2002-03-26', 'YYYY-MM-DD'), 'Physics Dorm', 'jake.carter@example.com', '789789792', 3, 2);
INSERT INTO Students (S_ID, F_Name, L_Name, Birth_Date, Address, Email, Phone, D_ID, Stage) VALUES (198, 'Kara', 'Mitchell', TO_DATE('2001-12-16', 'YYYY-MM-DD'), 'Physics Dorm', 'kara.mitchell@example.com', '890890893', 3, 2);
INSERT INTO Students (S_ID, F_Name, L_Name, Birth_Date, Address, Email, Phone, D_ID, Stage) VALUES (199, 'Liam', 'Perez', TO_DATE('2002-07-06', 'YYYY-MM-DD'), 'Physics Dorm', 'liam.perez@example.com', '901901904', 3, 2);
INSERT INTO Students (S_ID, F_Name, L_Name, Birth_Date, Address, Email, Phone, D_ID, Stage) VALUES (200, 'Mona', 'Roberts', TO_DATE('2001-10-11', 'YYYY-MM-DD'), 'Physics Dorm', 'mona.roberts@example.com', '012012015', 3, 2);

INSERT INTO Students (S_ID, F_Name, L_Name, Birth_Date, Address, Email, Phone, D_ID, Stage) VALUES (201, 'Nina', 'Turner', TO_DATE('2001-05-13', 'YYYY-MM-DD'), 'Physics Dorm', 'nina.turner@example.com', '123123127', 3, 3);
INSERT INTO Students (S_ID, F_Name, L_Name, Birth_Date, Address, Email, Phone, D_ID, Stage) VALUES (202, 'Oscar', 'Phillips', TO_DATE('2000-09-23', 'YYYY-MM-DD'), 'Physics Dorm', 'oscar.phillips@example.com', '234234238', 3, 3);
INSERT INTO Students (S_ID, F_Name, L_Name, Birth_Date, Address, Email, Phone, D_ID, Stage) VALUES (203, 'Penny', 'Campbell', TO_DATE('2001-03-15', 'YYYY-MM-DD'), 'Physics Dorm', 'penny.campbell@example.com', '345345349', 3, 3);
INSERT INTO Students (S_ID, F_Name, L_Name, Birth_Date, Address, Email, Phone, D_ID, Stage) VALUES (204, 'Quincy', 'Parker', TO_DATE('2000-11-07', 'YYYY-MM-DD'), 'Physics Dorm', 'quincy.parker@example.com', '456456460', 3, 3);
INSERT INTO Students (S_ID, F_Name, L_Name, Birth_Date, Address, Email, Phone, D_ID, Stage) VALUES (205, 'Rita', 'Evans', TO_DATE('2001-01-31', 'YYYY-MM-DD'), 'Physics Dorm', 'rita.evans@example.com', '567567571', 3, 3);
INSERT INTO Students (S_ID, F_Name, L_Name, Birth_Date, Address, Email, Phone, D_ID, Stage) VALUES (206, 'Steve', 'Edwards', TO_DATE('2000-08-16', 'YYYY-MM-DD'), 'Physics Dorm', 'steve.edwards@example.com', '678678682', 3, 3);
INSERT INTO Students (S_ID, F_Name, L_Name, Birth_Date, Address, Email, Phone, D_ID, Stage) VALUES (207, 'Tina', 'Collins', TO_DATE('2001-05-24', 'YYYY-MM-DD'), 'Physics Dorm', 'tina.collins@example.com', '789789793', 3, 3);
INSERT INTO Students (S_ID, F_Name, L_Name, Birth_Date, Address, Email, Phone, D_ID, Stage) VALUES (208, 'Umar', 'Stewart', TO_DATE('2000-12-12', 'YYYY-MM-DD'), 'Physics Dorm', 'umar.stewart@example.com', '890890894', 3, 3);
INSERT INTO Students (S_ID, F_Name, L_Name, Birth_Date, Address, Email, Phone, D_ID, Stage) VALUES (209, 'Vera', 'Sanchez', TO_DATE('2001-07-20', 'YYYY-MM-DD'), 'Physics Dorm', 'vera.sanchez@example.com', '901901905', 3, 3);
INSERT INTO Students (S_ID, F_Name, L_Name, Birth_Date, Address, Email, Phone, D_ID, Stage) VALUES (210, 'Will', 'Morris', TO_DATE('2000-10-27', 'YYYY-MM-DD'), 'Physics Dorm', 'will.morris@example.com', '012012016', 3, 3);
INSERT INTO Students (S_ID, F_Name, L_Name, Birth_Date, Address, Email, Phone, D_ID, Stage) VALUES (211, 'Xena', 'Rogers', TO_DATE('2001-04-09', 'YYYY-MM-DD'), 'Physics Dorm', 'xena.rogers@example.com', '123123128', 3, 3);
INSERT INTO Students (S_ID, F_Name, L_Name, Birth_Date, Address, Email, Phone, D_ID, Stage) VALUES (212, 'Yuri', 'Reed', TO_DATE('2000-09-17', 'YYYY-MM-DD'), 'Physics Dorm', 'yuri.reed@example.com', '234234239', 3, 3);
INSERT INTO Students (S_ID, F_Name, L_Name, Birth_Date, Address, Email, Phone, D_ID, Stage) VALUES (213, 'Zara', 'Cook', TO_DATE('2001-02-28', 'YYYY-MM-DD'), 'Physics Dorm', 'zara.cook@example.com', '345345350', 3, 3);
INSERT INTO Students (S_ID, F_Name, L_Name, Birth_Date, Address, Email, Phone, D_ID, Stage) VALUES (214, 'Aaron', 'Morgan', TO_DATE('2000-11-22', 'YYYY-MM-DD'), 'Physics Dorm', 'aaron.morgan@example.com', '456456461', 3, 3);
INSERT INTO Students (S_ID, F_Name, L_Name, Birth_Date, Address, Email, Phone, D_ID, Stage) VALUES (215, 'Bella', 'Bell', TO_DATE('2001-06-12', 'YYYY-MM-DD'), 'Physics Dorm', 'bella.bell@example.com', '567567572', 3, 3);
INSERT INTO Students (S_ID, F_Name, L_Name, Birth_Date, Address, Email, Phone, D_ID, Stage) VALUES (216, 'Cody', 'Murphy', TO_DATE('2000-08-07', 'YYYY-MM-DD'), 'Physics Dorm', 'cody.murphy@example.com', '678678683', 3, 3);
INSERT INTO Students (S_ID, F_Name, L_Name, Birth_Date, Address, Email, Phone, D_ID, Stage) VALUES (217, 'Dana', 'Bailey', TO_DATE('2001-03-27', 'YYYY-MM-DD'), 'Physics Dorm', 'dana.bailey@example.com', '789789794', 3, 3);
INSERT INTO Students (S_ID, F_Name, L_Name, Birth_Date, Address, Email, Phone, D_ID, Stage) VALUES (218, 'Eli', 'Rivera', TO_DATE('2000-12-17', 'YYYY-MM-DD'), 'Physics Dorm', 'eli.rivera@example.com', '890890895', 3, 3);
INSERT INTO Students (S_ID, F_Name, L_Name, Birth_Date, Address, Email, Phone, D_ID, Stage) VALUES (219, 'Faye', 'Cooper', TO_DATE('2001-07-07', 'YYYY-MM-DD'), 'Physics Dorm', 'faye.cooper@example.com', '901901906', 3, 3);
INSERT INTO Students (S_ID, F_Name, L_Name, Birth_Date, Address, Email, Phone, D_ID, Stage) VALUES (220, 'Gabe', 'Richardson', TO_DATE('2000-10-12', 'YYYY-MM-DD'), 'Physics Dorm', 'gabe.richardson@example.com', '012012017', 3, 3);

INSERT INTO Students (S_ID, F_Name, L_Name, Birth_Date, Address, Email, Phone, D_ID, Stage) VALUES (221, 'Hana', 'Cox', TO_DATE('2000-05-14', 'YYYY-MM-DD'), 'Physics Dorm', 'hana.cox@example.com', '123123129', 3, 4);
INSERT INTO Students (S_ID, F_Name, L_Name, Birth_Date, Address, Email, Phone, D_ID, Stage) VALUES (222, 'Ivan', 'Howard', TO_DATE('1999-09-24', 'YYYY-MM-DD'), 'Physics Dorm', 'ivan.howard@example.com', '234234240', 3, 4);
INSERT INTO Students (S_ID, F_Name, L_Name, Birth_Date, Address, Email, Phone, D_ID, Stage) VALUES (223, 'Jill', 'Ward', TO_DATE('2000-03-16', 'YYYY-MM-DD'), 'Physics Dorm', 'jill.ward@example.com', '345345351', 3, 4);
INSERT INTO Students (S_ID, F_Name, L_Name, Birth_Date, Address, Email, Phone, D_ID, Stage) VALUES (224, 'Kurt', 'Torres', TO_DATE('1999-11-08', 'YYYY-MM-DD'), 'Physics Dorm', 'kurt.torres@example.com', '456456462', 3, 4);
INSERT INTO Students (S_ID, F_Name, L_Name, Birth_Date, Address, Email, Phone, D_ID, Stage) VALUES (225, 'Lena', 'Peterson', TO_DATE('2000-01-31', 'YYYY-MM-DD'), 'Physics Dorm', 'lena.peterson@example.com', '567567573', 3, 4);
INSERT INTO Students (S_ID, F_Name, L_Name, Birth_Date, Address, Email, Phone, D_ID, Stage) VALUES (226, 'Milo', 'Gray', TO_DATE('1999-08-17', 'YYYY-MM-DD'), 'Physics Dorm', 'milo.gray@example.com', '678678684', 3, 4);
INSERT INTO Students (S_ID, F_Name, L_Name, Birth_Date, Address, Email, Phone, D_ID, Stage) VALUES (227, 'Nora', 'Ramirez', TO_DATE('2000-05-25', 'YYYY-MM-DD'), 'Physics Dorm', 'nora.ramirez@example.com', '789789795', 3, 4);
INSERT INTO Students (S_ID, F_Name, L_Name, Birth_Date, Address, Email, Phone, D_ID, Stage) VALUES (228, 'Owen', 'James', TO_DATE('1999-12-13', 'YYYY-MM-DD'), 'Physics Dorm', 'owen.james@example.com', '890890896', 3, 4);
INSERT INTO Students (S_ID, F_Name, L_Name, Birth_Date, Address, Email, Phone, D_ID, Stage) VALUES (229, 'Paula', 'Watson', TO_DATE('2000-07-21', 'YYYY-MM-DD'), 'Physics Dorm', 'paula.watson@example.com', '901901907', 3, 4);
INSERT INTO Students (S_ID, F_Name, L_Name, Birth_Date, Address, Email, Phone, D_ID, Stage) VALUES (230, 'Quinn', 'Brooks', TO_DATE('1999-10-28', 'YYYY-MM-DD'), 'Physics Dorm', 'quinn.brooks@example.com', '012012018', 3, 4);
INSERT INTO Students (S_ID, F_Name, L_Name, Birth_Date, Address, Email, Phone, D_ID, Stage) VALUES (231, 'Ryan', 'Kelly', TO_DATE('2000-04-10', 'YYYY-MM-DD'), 'Physics Dorm', 'ryan.kelly@example.com', '123123130', 3, 4);
INSERT INTO Students (S_ID, F_Name, L_Name, Birth_Date, Address, Email, Phone, D_ID, Stage) VALUES (232, 'Sara', 'Sanders', TO_DATE('1999-09-18', 'YYYY-MM-DD'), 'Physics Dorm', 'sara.sanders@example.com', '234234241', 3, 4);
INSERT INTO Students (S_ID, F_Name, L_Name, Birth_Date, Address, Email, Phone, D_ID, Stage) VALUES (233, 'Tom', 'Price', TO_DATE('2000-02-28', 'YYYY-MM-DD'), 'Physics Dorm', 'tom.price@example.com', '345345352', 3, 4);
INSERT INTO Students (S_ID, F_Name, L_Name, Birth_Date, Address, Email, Phone, D_ID, Stage) VALUES (234, 'Uma', 'Bennett', TO_DATE('1999-11-23', 'YYYY-MM-DD'), 'Physics Dorm', 'uma.bennett@example.com', '456456463', 3, 4);
INSERT INTO Students (S_ID, F_Name, L_Name, Birth_Date, Address, Email, Phone, D_ID, Stage) VALUES (235, 'Victor', 'Wood', TO_DATE('2000-06-13', 'YYYY-MM-DD'), 'Physics Dorm', 'victor.wood@example.com', '567567574', 3, 4);
INSERT INTO Students (S_ID, F_Name, L_Name, Birth_Date, Address, Email, Phone, D_ID, Stage) VALUES (236, 'Wendy', 'Barnes', TO_DATE('1999-08-08', 'YYYY-MM-DD'), 'Physics Dorm', 'wendy.barnes@example.com', '678678685', 3, 4);
INSERT INTO Students (S_ID, F_Name, L_Name, Birth_Date, Address, Email, Phone, D_ID, Stage) VALUES (237, 'Xander', 'Ross', TO_DATE('2000-03-28', 'YYYY-MM-DD'), 'Physics Dorm', 'xander.ross@example.com', '789789796', 3, 4);
INSERT INTO Students (S_ID, F_Name, L_Name, Birth_Date, Address, Email, Phone, D_ID, Stage) VALUES (238, 'Yara', 'Henderson', TO_DATE('1999-12-18', 'YYYY-MM-DD'), 'Physics Dorm', 'yara.henderson@example.com', '890890897', 3, 4);
INSERT INTO Students (S_ID, F_Name, L_Name, Birth_Date, Address, Email, Phone, D_ID, Stage) VALUES (239, 'Zack', 'Coleman', TO_DATE('2000-07-08', 'YYYY-MM-DD'), 'Physics Dorm', 'zack.coleman@example.com', '901901908', 3, 4);
INSERT INTO Students (S_ID, F_Name, L_Name, Birth_Date, Address, Email, Phone, D_ID, Stage) VALUES (240, 'Amy', 'Jenkins', TO_DATE('1999-10-13', 'YYYY-MM-DD'), 'Physics Dorm', 'amy.jenkins@example.com', '012012019', 3, 4);

INSERT INTO Students (S_ID, F_Name, L_Name, Birth_Date, Address, Email, Phone, D_ID, Stage) VALUES (241, 'John', 'Doe', TO_DATE('2003-06-15', 'YYYY-MM-DD'), 'Business Dorm', 'john.doe@example.com', '123123123', 4, 1);
INSERT INTO Students (S_ID, F_Name, L_Name, Birth_Date, Address, Email, Phone, D_ID, Stage) VALUES (242, 'Jane', 'Smith', TO_DATE('2002-09-21', 'YYYY-MM-DD'), 'Business Dorm', 'jane.smith@example.com', '234234234', 4, 1);
INSERT INTO Students (S_ID, F_Name, L_Name, Birth_Date, Address, Email, Phone, D_ID, Stage) VALUES (243, 'Alice', 'Johnson', TO_DATE('2003-03-12', 'YYYY-MM-DD'), 'Business Dorm', 'alice.johnson@example.com', '345345345', 4, 1);
INSERT INTO Students (S_ID, F_Name, L_Name, Birth_Date, Address, Email, Phone, D_ID, Stage) VALUES (244, 'Bob', 'Brown', TO_DATE('2002-11-05', 'YYYY-MM-DD'), 'Business Dorm', 'bob.brown@example.com', '456456456', 4, 1);
INSERT INTO Students (S_ID, F_Name, L_Name, Birth_Date, Address, Email, Phone, D_ID, Stage) VALUES (245, 'Charlie', 'Davis', TO_DATE('2003-01-30', 'YYYY-MM-DD'), 'Business Dorm', 'charlie.davis@example.com', '567567567', 4, 1);
INSERT INTO Students (S_ID, F_Name, L_Name, Birth_Date, Address, Email, Phone, D_ID, Stage) VALUES (246, 'Eva', 'Miller', TO_DATE('2002-08-14', 'YYYY-MM-DD'), 'Business Dorm', 'eva.miller@example.com', '678678678', 4, 1);
INSERT INTO Students (S_ID, F_Name, L_Name, Birth_Date, Address, Email, Phone, D_ID, Stage) VALUES (247, 'Frank', 'Wilson', TO_DATE('2003-05-22', 'YYYY-MM-DD'), 'Business Dorm', 'frank.wilson@example.com', '789789789', 4, 1);
INSERT INTO Students (S_ID, F_Name, L_Name, Birth_Date, Address, Email, Phone, D_ID, Stage) VALUES (248, 'Grace', 'Moore', TO_DATE('2002-12-10', 'YYYY-MM-DD'), 'Business Dorm', 'grace.moore@example.com', '890890890', 4, 1);
INSERT INTO Students (S_ID, F_Name, L_Name, Birth_Date, Address, Email, Phone, D_ID, Stage) VALUES (249, 'Henry', 'Taylor', TO_DATE('2003-07-18', 'YYYY-MM-DD'), 'Business Dorm', 'henry.taylor@example.com', '901901901', 4, 1);
INSERT INTO Students (S_ID, F_Name, L_Name, Birth_Date, Address, Email, Phone, D_ID, Stage) VALUES (250, 'Ivy', 'Anderson', TO_DATE('2002-10-25', 'YYYY-MM-DD'), 'Business Dorm', 'ivy.anderson@example.com', '012012012', 4, 1);
INSERT INTO Students (S_ID, F_Name, L_Name, Birth_Date, Address, Email, Phone, D_ID, Stage) VALUES (251, 'Jack', 'Thomas', TO_DATE('2003-04-07', 'YYYY-MM-DD'), 'Business Dorm', 'jack.thomas@example.com', '123123124', 4, 1);
INSERT INTO Students (S_ID, F_Name, L_Name, Birth_Date, Address, Email, Phone, D_ID, Stage) VALUES (252, 'Karen', 'Jackson', TO_DATE('2002-09-15', 'YYYY-MM-DD'), 'Business Dorm', 'karen.jackson@example.com', '234234235', 4, 1);
INSERT INTO Students (S_ID, F_Name, L_Name, Birth_Date, Address, Email, Phone, D_ID, Stage) VALUES (253, 'Leo', 'White', TO_DATE('2003-02-28', 'YYYY-MM-DD'), 'Business Dorm', 'leo.white@example.com', '345345346', 4, 1);
INSERT INTO Students (S_ID, F_Name, L_Name, Birth_Date, Address, Email, Phone, D_ID, Stage) VALUES (254, 'Mia', 'Harris', TO_DATE('2002-11-20', 'YYYY-MM-DD'), 'Business Dorm', 'mia.harris@example.com', '456456457', 4, 1);
INSERT INTO Students (S_ID, F_Name, L_Name, Birth_Date, Address, Email, Phone, D_ID, Stage) VALUES (255, 'Noah', 'Martin', TO_DATE('2003-06-10', 'YYYY-MM-DD'), 'Business Dorm', 'noah.martin@example.com', '567567568', 4, 1);
INSERT INTO Students (S_ID, F_Name, L_Name, Birth_Date, Address, Email, Phone, D_ID, Stage) VALUES (256, 'Olivia', 'Thompson', TO_DATE('2002-08-05', 'YYYY-MM-DD'), 'Business Dorm', 'olivia.thompson@example.com', '678678679', 4, 1);
INSERT INTO Students (S_ID, F_Name, L_Name, Birth_Date, Address, Email, Phone, D_ID, Stage) VALUES (257, 'Peter', 'Garcia', TO_DATE('2003-03-25', 'YYYY-MM-DD'), 'Business Dorm', 'peter.garcia@example.com', '789789790', 4, 1);
INSERT INTO Students (S_ID, F_Name, L_Name, Birth_Date, Address, Email, Phone, D_ID, Stage) VALUES (258, 'Quinn', 'Martinez', TO_DATE('2002-12-15', 'YYYY-MM-DD'), 'Business Dorm', 'quinn.martinez@example.com', '890890891', 4, 1);
INSERT INTO Students (S_ID, F_Name, L_Name, Birth_Date, Address, Email, Phone, D_ID, Stage) VALUES (259, 'Ryan', 'Robinson', TO_DATE('2003-07-05', 'YYYY-MM-DD'), 'Business Dorm', 'ryan.robinson@example.com', '901901902', 4, 1);
INSERT INTO Students (S_ID, F_Name, L_Name, Birth_Date, Address, Email, Phone, D_ID, Stage) VALUES (260, 'Sara', 'Clark', TO_DATE('2002-10-10', 'YYYY-MM-DD'), 'Business Dorm', 'sara.clark@example.com', '012012013', 4, 1);

INSERT INTO Students (S_ID, F_Name, L_Name, Birth_Date, Address, Email, Phone, D_ID, Stage) VALUES (261, 'Tom', 'Lewis', TO_DATE('2002-05-12', 'YYYY-MM-DD'), 'Business Dorm', 'tom.lewis@example.com', '123123125', 4, 2);
INSERT INTO Students (S_ID, F_Name, L_Name, Birth_Date, Address, Email, Phone, D_ID, Stage) VALUES (262, 'Uma', 'Walker', TO_DATE('2001-09-22', 'YYYY-MM-DD'), 'Business Dorm', 'uma.walker@example.com', '234234236', 4, 2);
INSERT INTO Students (S_ID, F_Name, L_Name, Birth_Date, Address, Email, Phone, D_ID, Stage) VALUES (263, 'Victor', 'Hall', TO_DATE('2002-03-14', 'YYYY-MM-DD'), 'Business Dorm', 'victor.hall@example.com', '345345347', 4, 2);
INSERT INTO Students (S_ID, F_Name, L_Name, Birth_Date, Address, Email, Phone, D_ID, Stage) VALUES (264, 'Wendy', 'Allen', TO_DATE('2001-11-06', 'YYYY-MM-DD'), 'Business Dorm', 'wendy.allen@example.com', '456456458', 4, 2);
INSERT INTO Students (S_ID, F_Name, L_Name, Birth_Date, Address, Email, Phone, D_ID, Stage) VALUES (265, 'Xander', 'Young', TO_DATE('2002-01-31', 'YYYY-MM-DD'), 'Business Dorm', 'xander.young@example.com', '567567569', 4, 2);
INSERT INTO Students (S_ID, F_Name, L_Name, Birth_Date, Address, Email, Phone, D_ID, Stage) VALUES (266, 'Yara', 'Hernandez', TO_DATE('2001-08-15', 'YYYY-MM-DD'), 'Business Dorm', 'yara.hernandez@example.com', '678678680', 4, 2);
INSERT INTO Students (S_ID, F_Name, L_Name, Birth_Date, Address, Email, Phone, D_ID, Stage) VALUES (267, 'Zack', 'King', TO_DATE('2002-05-23', 'YYYY-MM-DD'), 'Business Dorm', 'zack.king@example.com', '789789791', 4, 2);
INSERT INTO Students (S_ID, F_Name, L_Name, Birth_Date, Address, Email, Phone, D_ID, Stage) VALUES (268, 'Amy', 'Wright', TO_DATE('2001-12-11', 'YYYY-MM-DD'), 'Business Dorm', 'amy.wright@example.com', '890890892', 4, 2);
INSERT INTO Students (S_ID, F_Name, L_Name, Birth_Date, Address, Email, Phone, D_ID, Stage) VALUES (269, 'Ben', 'Lopez', TO_DATE('2002-07-19', 'YYYY-MM-DD'), 'Business Dorm', 'ben.lopez@example.com', '901901903', 4, 2);
INSERT INTO Students (S_ID, F_Name, L_Name, Birth_Date, Address, Email, Phone, D_ID, Stage) VALUES (270, 'Cara', 'Hill', TO_DATE('2001-10-26', 'YYYY-MM-DD'), 'Business Dorm', 'cara.hill@example.com', '012012014', 4, 2);
INSERT INTO Students (S_ID, F_Name, L_Name, Birth_Date, Address, Email, Phone, D_ID, Stage) VALUES (271, 'Dan', 'Scott', TO_DATE('2002-04-08', 'YYYY-MM-DD'), 'Business Dorm', 'dan.scott@example.com', '123123126', 4, 2);
INSERT INTO Students (S_ID, F_Name, L_Name, Birth_Date, Address, Email, Phone, D_ID, Stage) VALUES (272, 'Eve', 'Green', TO_DATE('2001-09-16', 'YYYY-MM-DD'), 'Business Dorm', 'eve.green@example.com', '234234237', 4, 2);
INSERT INTO Students (S_ID, F_Name, L_Name, Birth_Date, Address, Email, Phone, D_ID, Stage) VALUES (273, 'Finn', 'Adams', TO_DATE('2002-02-28', 'YYYY-MM-DD'), 'Business Dorm', 'finn.adams@example.com', '345345348', 4, 2);
INSERT INTO Students (S_ID, F_Name, L_Name, Birth_Date, Address, Email, Phone, D_ID, Stage) VALUES (274, 'Gina', 'Baker', TO_DATE('2001-11-21', 'YYYY-MM-DD'), 'Business Dorm', 'gina.baker@example.com', '456456459', 4, 2);
INSERT INTO Students (S_ID, F_Name, L_Name, Birth_Date, Address, Email, Phone, D_ID, Stage) VALUES (275, 'Hank', 'Gonzalez', TO_DATE('2002-06-11', 'YYYY-MM-DD'), 'Business Dorm', 'hank.gonzalez@example.com', '567567570', 4, 2);
INSERT INTO Students (S_ID, F_Name, L_Name, Birth_Date, Address, Email, Phone, D_ID, Stage) VALUES (276, 'Iris', 'Nelson', TO_DATE('2001-08-06', 'YYYY-MM-DD'), 'Business Dorm', 'iris.nelson@example.com', '678678681', 4, 2);
INSERT INTO Students (S_ID, F_Name, L_Name, Birth_Date, Address, Email, Phone, D_ID, Stage) VALUES (277, 'Jake', 'Carter', TO_DATE('2002-03-26', 'YYYY-MM-DD'), 'Business Dorm', 'jake.carter@example.com', '789789792', 4, 2);
INSERT INTO Students (S_ID, F_Name, L_Name, Birth_Date, Address, Email, Phone, D_ID, Stage) VALUES (278, 'Kara', 'Mitchell', TO_DATE('2001-12-16', 'YYYY-MM-DD'), 'Business Dorm', 'kara.mitchell@example.com', '890890893', 4, 2);
INSERT INTO Students (S_ID, F_Name, L_Name, Birth_Date, Address, Email, Phone, D_ID, Stage) VALUES (279, 'Liam', 'Perez', TO_DATE('2002-07-06', 'YYYY-MM-DD'), 'Business Dorm', 'liam.perez@example.com', '901901904', 4, 2);
INSERT INTO Students (S_ID, F_Name, L_Name, Birth_Date, Address, Email, Phone, D_ID, Stage) VALUES (280, 'Mona', 'Roberts', TO_DATE('2001-10-11', 'YYYY-MM-DD'), 'Business Dorm', 'mona.roberts@example.com', '012012015', 4, 2);

INSERT INTO Students (S_ID, F_Name, L_Name, Birth_Date, Address, Email, Phone, D_ID, Stage) VALUES (281, 'Nina', 'Turner', TO_DATE('2001-05-13', 'YYYY-MM-DD'), 'Business Dorm', 'nina.turner@example.com', '123123127', 4, 3);
INSERT INTO Students (S_ID, F_Name, L_Name, Birth_Date, Address, Email, Phone, D_ID, Stage) VALUES (282, 'Oscar', 'Phillips', TO_DATE('2000-09-23', 'YYYY-MM-DD'), 'Business Dorm', 'oscar.phillips@example.com', '234234238', 4, 3);
INSERT INTO Students (S_ID, F_Name, L_Name, Birth_Date, Address, Email, Phone, D_ID, Stage) VALUES (283, 'Penny', 'Campbell', TO_DATE('2001-03-15', 'YYYY-MM-DD'), 'Business Dorm', 'penny.campbell@example.com', '345345349', 4, 3);
INSERT INTO Students (S_ID, F_Name, L_Name, Birth_Date, Address, Email, Phone, D_ID, Stage) VALUES (284, 'Quincy', 'Parker', TO_DATE('2000-11-07', 'YYYY-MM-DD'), 'Business Dorm', 'quincy.parker@example.com', '456456460', 4, 3);
INSERT INTO Students (S_ID, F_Name, L_Name, Birth_Date, Address, Email, Phone, D_ID, Stage) VALUES (285, 'Rita', 'Evans', TO_DATE('2001-01-31', 'YYYY-MM-DD'), 'Business Dorm', 'rita.evans@example.com', '567567571', 4, 3);
INSERT INTO Students (S_ID, F_Name, L_Name, Birth_Date, Address, Email, Phone, D_ID, Stage) VALUES (286, 'Steve', 'Edwards', TO_DATE('2000-08-16', 'YYYY-MM-DD'), 'Business Dorm', 'steve.edwards@example.com', '678678682', 4, 3);
INSERT INTO Students (S_ID, F_Name, L_Name, Birth_Date, Address, Email, Phone, D_ID, Stage) VALUES (287, 'Tina', 'Collins', TO_DATE('2001-05-24', 'YYYY-MM-DD'), 'Business Dorm', 'tina.collins@example.com', '789789793', 4, 3);
INSERT INTO Students (S_ID, F_Name, L_Name, Birth_Date, Address, Email, Phone, D_ID, Stage) VALUES (288, 'Umar', 'Stewart', TO_DATE('2000-12-12', 'YYYY-MM-DD'), 'Business Dorm', 'umar.stewart@example.com', '890890894', 4, 3);
INSERT INTO Students (S_ID, F_Name, L_Name, Birth_Date, Address, Email, Phone, D_ID, Stage) VALUES (289, 'Vera', 'Sanchez', TO_DATE('2001-07-20', 'YYYY-MM-DD'), 'Business Dorm', 'vera.sanchez@example.com', '901901905', 4, 3);
INSERT INTO Students (S_ID, F_Name, L_Name, Birth_Date, Address, Email, Phone, D_ID, Stage) VALUES (290, 'Will', 'Morris', TO_DATE('2000-10-27', 'YYYY-MM-DD'), 'Business Dorm', 'will.morris@example.com', '012012016', 4, 3);
INSERT INTO Students (S_ID, F_Name, L_Name, Birth_Date, Address, Email, Phone, D_ID, Stage) VALUES (291, 'Xena', 'Rogers', TO_DATE('2001-04-09', 'YYYY-MM-DD'), 'Business Dorm', 'xena.rogers@example.com', '123123128', 4, 3);
INSERT INTO Students (S_ID, F_Name, L_Name, Birth_Date, Address, Email, Phone, D_ID, Stage) VALUES (292, 'Yuri', 'Reed', TO_DATE('2000-09-17', 'YYYY-MM-DD'), 'Business Dorm', 'yuri.reed@example.com', '234234239', 4, 3);
INSERT INTO Students (S_ID, F_Name, L_Name, Birth_Date, Address, Email, Phone, D_ID, Stage) VALUES (293, 'Zara', 'Cook', TO_DATE('2001-02-28', 'YYYY-MM-DD'), 'Business Dorm', 'zara.cook@example.com', '345345350', 4, 3);
INSERT INTO Students (S_ID, F_Name, L_Name, Birth_Date, Address, Email, Phone, D_ID, Stage) VALUES (294, 'Aaron', 'Morgan', TO_DATE('2000-11-22', 'YYYY-MM-DD'), 'Business Dorm', 'aaron.morgan@example.com', '456456461', 4, 3);
INSERT INTO Students (S_ID, F_Name, L_Name, Birth_Date, Address, Email, Phone, D_ID, Stage) VALUES (295, 'Bella', 'Bell', TO_DATE('2001-06-12', 'YYYY-MM-DD'), 'Business Dorm', 'bella.bell@example.com', '567567572', 4, 3);
INSERT INTO Students (S_ID, F_Name, L_Name, Birth_Date, Address, Email, Phone, D_ID, Stage) VALUES (296, 'Cody', 'Murphy', TO_DATE('2000-08-07', 'YYYY-MM-DD'), 'Business Dorm', 'cody.murphy@example.com', '678678683', 4, 3);
INSERT INTO Students (S_ID, F_Name, L_Name, Birth_Date, Address, Email, Phone, D_ID, Stage) VALUES (297, 'Dana', 'Bailey', TO_DATE('2001-03-27', 'YYYY-MM-DD'), 'Business Dorm', 'dana.bailey@example.com', '789789794', 4, 3);
INSERT INTO Students (S_ID, F_Name, L_Name, Birth_Date, Address, Email, Phone, D_ID, Stage) VALUES (298, 'Eli', 'Rivera', TO_DATE('2000-12-17', 'YYYY-MM-DD'), 'Business Dorm', 'eli.rivera@example.com', '890890895', 4, 3);
INSERT INTO Students (S_ID, F_Name, L_Name, Birth_Date, Address, Email, Phone, D_ID, Stage) VALUES (299, 'Faye', 'Cooper', TO_DATE('2001-07-07', 'YYYY-MM-DD'), 'Business Dorm', 'faye.cooper@example.com', '901901906', 4, 3);
INSERT INTO Students (S_ID, F_Name, L_Name, Birth_Date, Address, Email, Phone, D_ID, Stage) VALUES (300, 'Gabe', 'Richardson', TO_DATE('2000-10-12', 'YYYY-MM-DD'), 'Business Dorm', 'gabe.richardson@example.com', '012012017', 4, 3);

INSERT INTO Students (S_ID, F_Name, L_Name, Birth_Date, Address, Email, Phone, D_ID, Stage) VALUES (301, 'Hana', 'Cox', TO_DATE('2000-05-14', 'YYYY-MM-DD'), 'Business Dorm', 'hana.cox@example.com', '123123129', 4, 4);
INSERT INTO Students (S_ID, F_Name, L_Name, Birth_Date, Address, Email, Phone, D_ID, Stage) VALUES (302, 'Ivan', 'Howard', TO_DATE('1999-09-24', 'YYYY-MM-DD'), 'Business Dorm', 'ivan.howard@example.com', '234234240', 4, 4);
INSERT INTO Students (S_ID, F_Name, L_Name, Birth_Date, Address, Email, Phone, D_ID, Stage) VALUES (303, 'Jill', 'Ward', TO_DATE('2000-03-16', 'YYYY-MM-DD'), 'Business Dorm', 'jill.ward@example.com', '345345351', 4, 4);
INSERT INTO Students (S_ID, F_Name, L_Name, Birth_Date, Address, Email, Phone, D_ID, Stage) VALUES (304, 'Kurt', 'Torres', TO_DATE('1999-11-08', 'YYYY-MM-DD'), 'Business Dorm', 'kurt.torres@example.com', '456456462', 4, 4);
INSERT INTO Students (S_ID, F_Name, L_Name, Birth_Date, Address, Email, Phone, D_ID, Stage) VALUES (305, 'Lena', 'Peterson', TO_DATE('2000-01-31', 'YYYY-MM-DD'), 'Business Dorm', 'lena.peterson@example.com', '567567573', 4, 4);
INSERT INTO Students (S_ID, F_Name, L_Name, Birth_Date, Address, Email, Phone, D_ID, Stage) VALUES (306, 'Milo', 'Gray', TO_DATE('1999-08-17', 'YYYY-MM-DD'), 'Business Dorm', 'milo.gray@example.com', '678678684', 4, 4);
INSERT INTO Students (S_ID, F_Name, L_Name, Birth_Date, Address, Email, Phone, D_ID, Stage) VALUES (307, 'Nora', 'Ramirez', TO_DATE('2000-05-25', 'YYYY-MM-DD'), 'Business Dorm', 'nora.ramirez@example.com', '789789795', 4, 4);
INSERT INTO Students (S_ID, F_Name, L_Name, Birth_Date, Address, Email, Phone, D_ID, Stage) VALUES (308, 'Owen', 'James', TO_DATE('1999-12-13', 'YYYY-MM-DD'), 'Business Dorm', 'owen.james@example.com', '890890896', 4, 4);
INSERT INTO Students (S_ID, F_Name, L_Name, Birth_Date, Address, Email, Phone, D_ID, Stage) VALUES (309, 'Paula', 'Watson', TO_DATE('2000-07-21', 'YYYY-MM-DD'), 'Business Dorm', 'paula.watson@example.com', '901901907', 4, 4);
INSERT INTO Students (S_ID, F_Name, L_Name, Birth_Date, Address, Email, Phone, D_ID, Stage) VALUES (310, 'Quinn', 'Brooks', TO_DATE('1999-10-28', 'YYYY-MM-DD'), 'Business Dorm', 'quinn.brooks@example.com', '012012018', 4, 4);
INSERT INTO Students (S_ID, F_Name, L_Name, Birth_Date, Address, Email, Phone, D_ID, Stage) VALUES (311, 'Ryan', 'Kelly', TO_DATE('2000-04-10', 'YYYY-MM-DD'), 'Business Dorm', 'ryan.kelly@example.com', '123123130', 4, 4);
INSERT INTO Students (S_ID, F_Name, L_Name, Birth_Date, Address, Email, Phone, D_ID, Stage) VALUES (312, 'Sara', 'Sanders', TO_DATE('1999-09-18', 'YYYY-MM-DD'), 'Business Dorm', 'sara.sanders@example.com', '234234241', 4, 4);
INSERT INTO Students (S_ID, F_Name, L_Name, Birth_Date, Address, Email, Phone, D_ID, Stage) VALUES (313, 'Tom', 'Price', TO_DATE('2000-02-28', 'YYYY-MM-DD'), 'Business Dorm', 'tom.price@example.com', '345345352', 4, 4);
INSERT INTO Students (S_ID, F_Name, L_Name, Birth_Date, Address, Email, Phone, D_ID, Stage) VALUES (314, 'Uma', 'Bennett', TO_DATE('1999-11-23', 'YYYY-MM-DD'), 'Business Dorm', 'uma.bennett@example.com', '456456463', 4, 4);
INSERT INTO Students (S_ID, F_Name, L_Name, Birth_Date, Address, Email, Phone, D_ID, Stage) VALUES (315, 'Victor', 'Wood', TO_DATE('2000-06-13', 'YYYY-MM-DD'), 'Business Dorm', 'victor.wood@example.com', '567567574', 4, 4);
INSERT INTO Students (S_ID, F_Name, L_Name, Birth_Date, Address, Email, Phone, D_ID, Stage) VALUES (316, 'Wendy', 'Barnes', TO_DATE('1999-08-08', 'YYYY-MM-DD'), 'Business Dorm', 'wendy.barnes@example.com', '678678685', 4, 4);
INSERT INTO Students (S_ID, F_Name, L_Name, Birth_Date, Address, Email, Phone, D_ID, Stage) VALUES (317, 'Xander', 'Ross', TO_DATE('2000-03-28', 'YYYY-MM-DD'), 'Business Dorm', 'xander.ross@example.com', '789789796', 4, 4);
INSERT INTO Students (S_ID, F_Name, L_Name, Birth_Date, Address, Email, Phone, D_ID, Stage) VALUES (318, 'Yara', 'Henderson', TO_DATE('1999-12-18', 'YYYY-MM-DD'), 'Business Dorm', 'yara.henderson@example.com', '890890897', 4, 4);
INSERT INTO Students (S_ID, F_Name, L_Name, Birth_Date, Address, Email, Phone, D_ID, Stage) VALUES (319, 'Zack', 'Coleman', TO_DATE('2000-07-08', 'YYYY-MM-DD'), 'Business Dorm', 'zack.coleman@example.com', '901901908', 4, 4);
INSERT INTO Students (S_ID, F_Name, L_Name, Birth_Date, Address, Email, Phone, D_ID, Stage) VALUES (320, 'Amy', 'Jenkins', TO_DATE('1999-10-13', 'YYYY-MM-DD'), 'Business Dorm', 'amy.jenkins@example.com', '012012019', 4, 4);
-- Computer Science Courses
-- Computer Science Courses (D_ID = 1)
INSERT INTO Courses (C_ID, C_Name, Max_Grade, Price, D_ID, Stage) VALUES (1, 'Data Structures', 100, 300, 1, 1);
INSERT INTO Courses (C_ID, C_Name, Max_Grade, Price, D_ID, Stage) VALUES (2, 'Algorithms', 100, 350, 1, 1);
INSERT INTO Courses (C_ID, C_Name, Max_Grade, Price, D_ID, Stage) VALUES (3, 'Programming I', 100, 300, 1, 1);
INSERT INTO Courses (C_ID, C_Name, Max_Grade, Price, D_ID, Stage) VALUES (4, 'Database Systems', 100, 400, 1, 1);
INSERT INTO Courses (C_ID, C_Name, Max_Grade, Price, D_ID, Stage) VALUES (5, 'Software Engineering', 100, 500, 1, 1);
INSERT INTO Courses (C_ID, C_Name, Max_Grade, Price, D_ID, Stage) VALUES (6, 'Operating Systems', 100, 450, 1, 2);
INSERT INTO Courses (C_ID, C_Name, Max_Grade, Price, D_ID, Stage) VALUES (7, 'Computer Networks', 100, 400, 1, 2);
INSERT INTO Courses (C_ID, C_Name, Max_Grade, Price, D_ID, Stage) VALUES (8, 'Programming II', 100, 350, 1, 2);
INSERT INTO Courses (C_ID, C_Name, Max_Grade, Price, D_ID, Stage) VALUES (9, 'Web Development', 100, 300, 1, 2);
INSERT INTO Courses (C_ID, C_Name, Max_Grade, Price, D_ID, Stage) VALUES (10, 'Machine Learning', 100, 600, 1, 2);
INSERT INTO Courses (C_ID, C_Name, Max_Grade, Price, D_ID, Stage) VALUES (11, 'Artificial Intelligence', 100, 550, 1, 3);
INSERT INTO Courses (C_ID, C_Name, Max_Grade, Price, D_ID, Stage) VALUES (12, 'Cybersecurity', 100, 500, 1, 3);
INSERT INTO Courses (C_ID, C_Name, Max_Grade, Price, D_ID, Stage) VALUES (13, 'Cloud Computing', 100, 450, 1, 3);
INSERT INTO Courses (C_ID, C_Name, Max_Grade, Price, D_ID, Stage) VALUES (14, 'Mobile App Development', 100, 400, 1, 3);
INSERT INTO Courses (C_ID, C_Name, Max_Grade, Price, D_ID, Stage) VALUES (15, 'Data Science', 100, 600, 1, 3);
INSERT INTO Courses (C_ID, C_Name, Max_Grade, Price, D_ID, Stage) VALUES (16, 'Big Data', 100, 550, 1, 4);
INSERT INTO Courses (C_ID, C_Name, Max_Grade, Price, D_ID, Stage) VALUES (17, 'Blockchain Technology', 100, 500, 1, 4);
INSERT INTO Courses (C_ID, C_Name, Max_Grade, Price, D_ID, Stage) VALUES (18, 'Game Development', 100, 450, 1, 4);
INSERT INTO Courses (C_ID, C_Name, Max_Grade, Price, D_ID, Stage) VALUES (19, 'IoT', 100, 400, 1, 4);
INSERT INTO Courses (C_ID, C_Name, Max_Grade, Price, D_ID, Stage) VALUES (20, 'Capstone Project', 100, 700, 1, 4);

-- Mathematics Courses (D_ID = 2)
INSERT INTO Courses (C_ID, C_Name, Max_Grade, Price, D_ID, Stage) VALUES (21, 'Calculus I', 100, 300, 2, 1);
INSERT INTO Courses (C_ID, C_Name, Max_Grade, Price, D_ID, Stage) VALUES (22, 'Linear Algebra', 100, 350, 2, 1);
INSERT INTO Courses (C_ID, C_Name, Max_Grade, Price, D_ID, Stage) VALUES (23, 'Discrete Mathematics', 100, 300, 2, 1);
INSERT INTO Courses (C_ID, C_Name, Max_Grade, Price, D_ID, Stage) VALUES (24, 'Probability Theory', 100, 400, 2, 1);
INSERT INTO Courses (C_ID, C_Name, Max_Grade, Price, D_ID, Stage) VALUES (25, 'Mathematical Logic', 100, 500, 2, 1);
INSERT INTO Courses (C_ID, C_Name, Max_Grade, Price, D_ID, Stage) VALUES (26, 'Calculus II', 100, 450, 2, 2);
INSERT INTO Courses (C_ID, C_Name, Max_Grade, Price, D_ID, Stage) VALUES (27, 'Differential Equations', 100, 400, 2, 2);
INSERT INTO Courses (C_ID, C_Name, Max_Grade, Price, D_ID, Stage) VALUES (28, 'Numerical Methods', 100, 350, 2, 2);
INSERT INTO Courses (C_ID, C_Name, Max_Grade, Price, D_ID, Stage) VALUES (29, 'Statistics', 100, 300, 2, 2);
INSERT INTO Courses (C_ID, C_Name, Max_Grade, Price, D_ID, Stage) VALUES (30, 'Abstract Algebra', 100, 600, 2, 2);
INSERT INTO Courses (C_ID, C_Name, Max_Grade, Price, D_ID, Stage) VALUES (31, 'Real Analysis', 100, 550, 2, 3);
INSERT INTO Courses (C_ID, C_Name, Max_Grade, Price, D_ID, Stage) VALUES (32, 'Complex Analysis', 100, 500, 2, 3);
INSERT INTO Courses (C_ID, C_Name, Max_Grade, Price, D_ID, Stage) VALUES (33, 'Topology', 100, 450, 2, 3);
INSERT INTO Courses (C_ID, C_Name, Max_Grade, Price, D_ID, Stage) VALUES (34, 'Number Theory', 100, 400, 2, 3);
INSERT INTO Courses (C_ID, C_Name, Max_Grade, Price, D_ID, Stage) VALUES (35, 'Mathematical Modeling', 100, 600, 2, 3);
INSERT INTO Courses (C_ID, C_Name, Max_Grade, Price, D_ID, Stage) VALUES (36, 'Advanced Calculus', 100, 550, 2, 4);
INSERT INTO Courses (C_ID, C_Name, Max_Grade, Price, D_ID, Stage) VALUES (37, 'Graph Theory', 100, 500, 2, 4);
INSERT INTO Courses (C_ID, C_Name, Max_Grade, Price, D_ID, Stage) VALUES (38, 'Optimization', 100, 450, 2, 4);
INSERT INTO Courses (C_ID, C_Name, Max_Grade, Price, D_ID, Stage) VALUES (39, 'Mathematical Physics', 100, 400, 2, 4);
INSERT INTO Courses (C_ID, C_Name, Max_Grade, Price, D_ID, Stage) VALUES (40, 'Research Project', 100, 700, 2, 4);

-- Physics Courses (D_ID = 3)
INSERT INTO Courses (C_ID, C_Name, Max_Grade, Price, D_ID, Stage) VALUES (41, 'Classical Mechanics', 100, 300, 3, 1);
INSERT INTO Courses (C_ID, C_Name, Max_Grade, Price, D_ID, Stage) VALUES (42, 'Electromagnetism', 100, 350, 3, 1);
INSERT INTO Courses (C_ID, C_Name, Max_Grade, Price, D_ID, Stage) VALUES (43, 'Thermodynamics', 100, 300, 3, 1);
INSERT INTO Courses (C_ID, C_Name, Max_Grade, Price, D_ID, Stage) VALUES (44, 'Quantum Mechanics I', 100, 400, 3, 1);
INSERT INTO Courses (C_ID, C_Name, Max_Grade, Price, D_ID, Stage) VALUES (45, 'Mathematical Physics', 100, 500, 3, 1);
INSERT INTO Courses (C_ID, C_Name, Max_Grade, Price, D_ID, Stage) VALUES (46, 'Quantum Mechanics II', 100, 450, 3, 2);
INSERT INTO Courses (C_ID, C_Name, Max_Grade, Price, D_ID, Stage) VALUES (47, 'Statistical Mechanics', 100, 400, 3, 2);
INSERT INTO Courses (C_ID, C_Name, Max_Grade, Price, D_ID, Stage) VALUES (48, 'Optics', 100, 350, 3, 2);
INSERT INTO Courses (C_ID, C_Name, Max_Grade, Price, D_ID, Stage) VALUES (49, 'Solid State Physics', 100, 300, 3, 2);
INSERT INTO Courses (C_ID, C_Name, Max_Grade, Price, D_ID, Stage) VALUES (50, 'Nuclear Physics', 100, 600, 3, 2);
INSERT INTO Courses (C_ID, C_Name, Max_Grade, Price, D_ID, Stage) VALUES (51, 'Particle Physics', 100, 550, 3, 3);
INSERT INTO Courses (C_ID, C_Name, Max_Grade, Price, D_ID, Stage) VALUES (52, 'Astrophysics', 100, 500, 3, 3);
INSERT INTO Courses (C_ID, C_Name, Max_Grade, Price, D_ID, Stage) VALUES (53, 'Plasma Physics', 100, 450, 3, 3);
INSERT INTO Courses (C_ID, C_Name, Max_Grade, Price, D_ID, Stage) VALUES (54, 'Condensed Matter Physics', 100, 400, 3, 3);
INSERT INTO Courses (C_ID, C_Name, Max_Grade, Price, D_ID, Stage) VALUES (55, 'Relativity', 100, 600, 3, 3);
INSERT INTO Courses (C_ID, C_Name, Max_Grade, Price, D_ID, Stage) VALUES (56, 'Advanced Quantum Mechanics', 100, 550, 3, 4);
INSERT INTO Courses (C_ID, C_Name, Max_Grade, Price, D_ID, Stage) VALUES (57, 'Cosmology', 100, 500, 3, 4);
INSERT INTO Courses (C_ID, C_Name, Max_Grade, Price, D_ID, Stage) VALUES (58, 'Computational Physics', 100, 450, 3, 4);
INSERT INTO Courses (C_ID, C_Name, Max_Grade, Price, D_ID, Stage) VALUES (59, 'Experimental Physics', 100, 400, 3, 4);
INSERT INTO Courses (C_ID, C_Name, Max_Grade, Price, D_ID, Stage) VALUES (60, 'Research Thesis', 100, 700, 3, 4);

-- Business Administration Courses (D_ID = 4)
INSERT INTO Courses (C_ID, C_Name, Max_Grade, Price, D_ID, Stage) VALUES (61, 'Principles of Management', 100, 300, 4, 1);
INSERT INTO Courses (C_ID, C_Name, Max_Grade, Price, D_ID, Stage) VALUES (62, 'Microeconomics', 100, 350, 4, 1);
INSERT INTO Courses (C_ID, C_Name, Max_Grade, Price, D_ID, Stage) VALUES (63, 'Financial Accounting', 100, 300, 4, 1);
INSERT INTO Courses (C_ID, C_Name, Max_Grade, Price, D_ID, Stage) VALUES (64, 'Business Communication', 100, 400, 4, 1);
INSERT INTO Courses (C_ID, C_Name, Max_Grade, Price, D_ID, Stage) VALUES (65, 'Marketing Fundamentals', 100, 500, 4, 1);
INSERT INTO Courses (C_ID, C_Name, Max_Grade, Price, D_ID, Stage) VALUES (66, 'Macroeconomics', 100, 450, 4, 2);
INSERT INTO Courses (C_ID, C_Name, Max_Grade, Price, D_ID, Stage) VALUES (67, 'Organizational Behavior', 100, 400, 4, 2);
INSERT INTO Courses (C_ID, C_Name, Max_Grade, Price, D_ID, Stage) VALUES (68, 'Managerial Accounting', 100, 350, 4, 2);
INSERT INTO Courses (C_ID, C_Name, Max_Grade, Price, D_ID, Stage) VALUES (69, 'Business Law', 100, 300, 4, 2);
INSERT INTO Courses (C_ID, C_Name, Max_Grade, Price, D_ID, Stage) VALUES (70, 'Operations Management', 100, 600, 4, 2);
INSERT INTO Courses (C_ID, C_Name, Max_Grade, Price, D_ID, Stage) VALUES (71, 'Strategic Management', 100, 550, 4, 3);
INSERT INTO Courses (C_ID, C_Name, Max_Grade, Price, D_ID, Stage) VALUES (72, 'Financial Management', 100, 500, 4, 3);
INSERT INTO Courses (C_ID, C_Name, Max_Grade, Price, D_ID, Stage) VALUES (73, 'Human Resource Management', 100, 450, 4, 3);
INSERT INTO Courses (C_ID, C_Name, Max_Grade, Price, D_ID, Stage) VALUES (74, 'International Business', 100, 400, 4, 3);
INSERT INTO Courses (C_ID, C_Name, Max_Grade, Price, D_ID, Stage) VALUES (75, 'Entrepreneurship', 100, 600, 4, 3);
INSERT INTO Courses (C_ID, C_Name, Max_Grade, Price, D_ID, Stage) VALUES (76, 'Business Analytics', 100, 550, 4, 4);
INSERT INTO Courses (C_ID, C_Name, Max_Grade, Price, D_ID, Stage) VALUES (77, 'Corporate Finance', 100, 500, 4, 4);
INSERT INTO Courses (C_ID, C_Name, Max_Grade, Price, D_ID, Stage) VALUES (78, 'Supply Chain Management', 100, 450, 4, 4);
INSERT INTO Courses (C_ID, C_Name, Max_Grade, Price, D_ID, Stage) VALUES (79, 'Digital Marketing', 100, 400, 4, 4);
INSERT INTO Courses (C_ID, C_Name, Max_Grade, Price, D_ID, Stage) VALUES (80, 'Capstone Project', 100, 700, 4, 4);

-- Repeat similar inserts for other departments (D_ID = 2, 3, etc.)...
INSERT INTO Student_Course (S_ID, C_ID, Grade) VALUES (1, 1, 85);
INSERT INTO Student_Course (S_ID, C_ID, Grade) VALUES (1, 2, 78);
INSERT INTO Student_Course (S_ID, C_ID, Grade) VALUES (1, 3, 92);
INSERT INTO Student_Course (S_ID, C_ID, Grade) VALUES (1, 4, 88);
INSERT INTO Student_Course (S_ID, C_ID, Grade) VALUES (1, 5, 90);
INSERT INTO Student_Course (S_ID, C_ID, Grade) VALUES (2, 1, 72);
INSERT INTO Student_Course (S_ID, C_ID, Grade) VALUES (2, 2, 65);
INSERT INTO Student_Course (S_ID, C_ID, Grade) VALUES (2, 3, 80);
INSERT INTO Student_Course (S_ID, C_ID, Grade) VALUES (2, 4, 75);
INSERT INTO Student_Course (S_ID, C_ID, Grade) VALUES (2, 5, 82);
INSERT INTO Student_Course (S_ID, C_ID, Grade) VALUES (3, 1, 95);
INSERT INTO Student_Course (S_ID, C_ID, Grade) VALUES (3, 2, 88);
INSERT INTO Student_Course (S_ID, C_ID, Grade) VALUES (3, 3, 91);
INSERT INTO Student_Course (S_ID, C_ID, Grade) VALUES (3, 4, 89);
INSERT INTO Student_Course (S_ID, C_ID, Grade) VALUES (3, 5, 94);
INSERT INTO Student_Course (S_ID, C_ID, Grade) VALUES (4, 1, 60);
INSERT INTO Student_Course (S_ID, C_ID, Grade) VALUES (4, 2, 55);
INSERT INTO Student_Course (S_ID, C_ID, Grade) VALUES (4, 3, 70);
INSERT INTO Student_Course (S_ID, C_ID, Grade) VALUES (4, 4, 65);
INSERT INTO Student_Course (S_ID, C_ID, Grade) VALUES (4, 5, 68);
INSERT INTO Student_Course (S_ID, C_ID, Grade) VALUES (5, 1, 82);
INSERT INTO Student_Course (S_ID, C_ID, Grade) VALUES (5, 2, 78);
INSERT INTO Student_Course (S_ID, C_ID, Grade) VALUES (5, 3, 85);
INSERT INTO Student_Course (S_ID, C_ID, Grade) VALUES (5, 4, 80);
INSERT INTO Student_Course (S_ID, C_ID, Grade) VALUES (5, 5, 84);
INSERT INTO Student_Course (S_ID, C_ID, Grade) VALUES (6, 1, 45);
INSERT INTO Student_Course (S_ID, C_ID, Grade) VALUES (6, 2, 50);
INSERT INTO Student_Course (S_ID, C_ID, Grade) VALUES (6, 3, 55);
INSERT INTO Student_Course (S_ID, C_ID, Grade) VALUES (6, 4, 48);
INSERT INTO Student_Course (S_ID, C_ID, Grade) VALUES (6, 5, 52);
INSERT INTO Student_Course (S_ID, C_ID, Grade) VALUES (7, 1, 90);
INSERT INTO Student_Course (S_ID, C_ID, Grade) VALUES (7, 2, 85);
INSERT INTO Student_Course (S_ID, C_ID, Grade) VALUES (7, 3, 92);
INSERT INTO Student_Course (S_ID, C_ID, Grade) VALUES (7, 4, 88);
INSERT INTO Student_Course (S_ID, C_ID, Grade) VALUES (7, 5, 91);
INSERT INTO Student_Course (S_ID, C_ID, Grade) VALUES (8, 1, 75);
INSERT INTO Student_Course (S_ID, C_ID, Grade) VALUES (8, 2, 70);
INSERT INTO Student_Course (S_ID, C_ID, Grade) VALUES (8, 3, 78);
INSERT INTO Student_Course (S_ID, C_ID, Grade) VALUES (8, 4, 72);
INSERT INTO Student_Course (S_ID, C_ID, Grade) VALUES (8, 5, 76);
INSERT INTO Student_Course (S_ID, C_ID, Grade) VALUES (9, 1, 80);
INSERT INTO Student_Course (S_ID, C_ID, Grade) VALUES (9, 2, 75);
INSERT INTO Student_Course (S_ID, C_ID, Grade) VALUES (9, 3, 82);
INSERT INTO Student_Course (S_ID, C_ID, Grade) VALUES (9, 4, 78);
INSERT INTO Student_Course (S_ID, C_ID, Grade) VALUES (9, 5, 81);
INSERT INTO Student_Course (S_ID, C_ID, Grade) VALUES (10, 1, 65);
INSERT INTO Student_Course (S_ID, C_ID, Grade) VALUES (10, 2, 60);
INSERT INTO Student_Course (S_ID, C_ID, Grade) VALUES (10, 3, 70);
INSERT INTO Student_Course (S_ID, C_ID, Grade) VALUES (10, 4, 68);
INSERT INTO Student_Course (S_ID, C_ID, Grade) VALUES (10, 5, 72);
INSERT INTO Student_Course (S_ID, C_ID, Grade) VALUES (11, 1, 88);
INSERT INTO Student_Course (S_ID, C_ID, Grade) VALUES (11, 2, 85);
INSERT INTO Student_Course (S_ID, C_ID, Grade) VALUES (11, 3, 90);
INSERT INTO Student_Course (S_ID, C_ID, Grade) VALUES (11, 4, 87);
INSERT INTO Student_Course (S_ID, C_ID, Grade) VALUES (11, 5, 89);
INSERT INTO Student_Course (S_ID, C_ID, Grade) VALUES (12, 1, 50);
INSERT INTO Student_Course (S_ID, C_ID, Grade) VALUES (12, 2, 55);
INSERT INTO Student_Course (S_ID, C_ID, Grade) VALUES (12, 3, 60);
INSERT INTO Student_Course (S_ID, C_ID, Grade) VALUES (12, 4, 58);
INSERT INTO Student_Course (S_ID, C_ID, Grade) VALUES (12, 5, 62);
INSERT INTO Student_Course (S_ID, C_ID, Grade) VALUES (13, 1, 92);
INSERT INTO Student_Course (S_ID, C_ID, Grade) VALUES (13, 2, 90);
INSERT INTO Student_Course (S_ID, C_ID, Grade) VALUES (13, 3, 94);
INSERT INTO Student_Course (S_ID, C_ID, Grade) VALUES (13, 4, 91);
INSERT INTO Student_Course (S_ID, C_ID, Grade) VALUES (13, 5, 93);
INSERT INTO Student_Course (S_ID, C_ID, Grade) VALUES (14, 1, 70);
INSERT INTO Student_Course (S_ID, C_ID, Grade) VALUES (14, 2, 65);
INSERT INTO Student_Course (S_ID, C_ID, Grade) VALUES (14, 3, 75);
INSERT INTO Student_Course (S_ID, C_ID, Grade) VALUES (14, 4, 72);
INSERT INTO Student_Course (S_ID, C_ID, Grade) VALUES (14, 5, 74);
INSERT INTO Student_Course (S_ID, C_ID, Grade) VALUES (15, 1, 85);
INSERT INTO Student_Course (S_ID, C_ID, Grade) VALUES (15, 2, 80);
INSERT INTO Student_Course (S_ID, C_ID, Grade) VALUES (15, 3, 88);
INSERT INTO Student_Course (S_ID, C_ID, Grade) VALUES (15, 4, 84);
INSERT INTO Student_Course (S_ID, C_ID, Grade) VALUES (15, 5, 87);
INSERT INTO Student_Course (S_ID, C_ID, Grade) VALUES (16, 1, 55);
INSERT INTO Student_Course (S_ID, C_ID, Grade) VALUES (16, 2, 60);
INSERT INTO Student_Course (S_ID, C_ID, Grade) VALUES (16, 3, 65);
INSERT INTO Student_Course (S_ID, C_ID, Grade) VALUES (16, 4, 62);
INSERT INTO Student_Course (S_ID, C_ID, Grade) VALUES (16, 5, 68);
INSERT INTO Student_Course (S_ID, C_ID, Grade) VALUES (17, 1, 78);
INSERT INTO Student_Course (S_ID, C_ID, Grade) VALUES (17, 2, 75);
INSERT INTO Student_Course (S_ID, C_ID, Grade) VALUES (17, 3, 80);
INSERT INTO Student_Course (S_ID, C_ID, Grade) VALUES (17, 4, 77);
INSERT INTO Student_Course (S_ID, C_ID, Grade) VALUES (17, 5, 79);
INSERT INTO Student_Course (S_ID, C_ID, Grade) VALUES (18, 1, 82);
INSERT INTO Student_Course (S_ID, C_ID, Grade) VALUES (18, 2, 78);
INSERT INTO Student_Course (S_ID, C_ID, Grade) VALUES (18, 3, 85);
INSERT INTO Student_Course (S_ID, C_ID, Grade) VALUES (18, 4, 80);
INSERT INTO Student_Course (S_ID, C_ID, Grade) VALUES (18, 5, 83);
INSERT INTO Student_Course (S_ID, C_ID, Grade) VALUES (19, 1, 90);
INSERT INTO Student_Course (S_ID, C_ID, Grade) VALUES (19, 2, 88);
INSERT INTO Student_Course (S_ID, C_ID, Grade) VALUES (19, 3, 92);
INSERT INTO Student_Course (S_ID, C_ID, Grade) VALUES (19, 4, 89);
INSERT INTO Student_Course (S_ID, C_ID, Grade) VALUES (19, 5, 91);
INSERT INTO Student_Course (S_ID, C_ID, Grade) VALUES (20, 1, 65);
INSERT INTO Student_Course (S_ID, C_ID, Grade) VALUES (20, 2, 70);
INSERT INTO Student_Course (S_ID, C_ID, Grade) VALUES (20, 3, 75);
INSERT INTO Student_Course (S_ID, C_ID, Grade) VALUES (20, 4, 72);
INSERT INTO Student_Course (S_ID, C_ID, Grade) VALUES (20, 5, 74);  

INSERT INTO Student_Course (S_ID, C_ID, Grade) VALUES (21, 6, 85);
INSERT INTO Student_Course (S_ID, C_ID, Grade) VALUES (21, 7, 78);
INSERT INTO Student_Course (S_ID, C_ID, Grade) VALUES (21, 8, 92);
INSERT INTO Student_Course (S_ID, C_ID, Grade) VALUES (21, 9, 88);
INSERT INTO Student_Course (S_ID, C_ID, Grade) VALUES (21, 10, 90);
INSERT INTO Student_Course (S_ID, C_ID, Grade) VALUES (22, 6, 72);
INSERT INTO Student_Course (S_ID, C_ID, Grade) VALUES (22, 7, 65);
INSERT INTO Student_Course (S_ID, C_ID, Grade) VALUES (22, 8, 80);
INSERT INTO Student_Course (S_ID, C_ID, Grade) VALUES (22, 9, 75);
INSERT INTO Student_Course (S_ID, C_ID, Grade) VALUES (22, 10, 82);
INSERT INTO Student_Course (S_ID, C_ID, Grade) VALUES (23, 6, 95);
INSERT INTO Student_Course (S_ID, C_ID, Grade) VALUES (23, 7, 88);
INSERT INTO Student_Course (S_ID, C_ID, Grade) VALUES (23, 8, 91);
INSERT INTO Student_Course (S_ID, C_ID, Grade) VALUES (23, 9, 89);
INSERT INTO Student_Course (S_ID, C_ID, Grade) VALUES (23, 10, 94);
INSERT INTO Student_Course (S_ID, C_ID, Grade) VALUES (24, 6, 60);
INSERT INTO Student_Course (S_ID, C_ID, Grade) VALUES (24, 7, 55);
INSERT INTO Student_Course (S_ID, C_ID, Grade) VALUES (24, 8, 70);
INSERT INTO Student_Course (S_ID, C_ID, Grade) VALUES (24, 9, 65);
INSERT INTO Student_Course (S_ID, C_ID, Grade) VALUES (24, 10, 68);
INSERT INTO Student_Course (S_ID, C_ID, Grade) VALUES (25, 6, 82);
INSERT INTO Student_Course (S_ID, C_ID, Grade) VALUES (25, 7, 78);
INSERT INTO Student_Course (S_ID, C_ID, Grade) VALUES (25, 8, 85);
INSERT INTO Student_Course (S_ID, C_ID, Grade) VALUES (25, 9, 80);
INSERT INTO Student_Course (S_ID, C_ID, Grade) VALUES (25, 10, 84);
INSERT INTO Student_Course (S_ID, C_ID, Grade) VALUES (26, 6, 45);
INSERT INTO Student_Course (S_ID, C_ID, Grade) VALUES (26, 7, 50);
INSERT INTO Student_Course (S_ID, C_ID, Grade) VALUES (26, 8, 55);
INSERT INTO Student_Course (S_ID, C_ID, Grade) VALUES (26, 9, 48);
INSERT INTO Student_Course (S_ID, C_ID, Grade) VALUES (26, 10, 52);
INSERT INTO Student_Course (S_ID, C_ID, Grade) VALUES (27, 6, 90);
INSERT INTO Student_Course (S_ID, C_ID, Grade) VALUES (27, 7, 85);
INSERT INTO Student_Course (S_ID, C_ID, Grade) VALUES (27, 8, 92);
INSERT INTO Student_Course (S_ID, C_ID, Grade) VALUES (27, 9, 88);
INSERT INTO Student_Course (S_ID, C_ID, Grade) VALUES (27, 10, 91);
INSERT INTO Student_Course (S_ID, C_ID, Grade) VALUES (28, 6, 75);
INSERT INTO Student_Course (S_ID, C_ID, Grade) VALUES (28, 7, 70);
INSERT INTO Student_Course (S_ID, C_ID, Grade) VALUES (28, 8, 78);
INSERT INTO Student_Course (S_ID, C_ID, Grade) VALUES (28, 9, 72);
INSERT INTO Student_Course (S_ID, C_ID, Grade) VALUES (28, 10, 76);
INSERT INTO Student_Course (S_ID, C_ID, Grade) VALUES (29, 6, 80);
INSERT INTO Student_Course (S_ID, C_ID, Grade) VALUES (29, 7, 75);
INSERT INTO Student_Course (S_ID, C_ID, Grade) VALUES (29, 8, 82);
INSERT INTO Student_Course (S_ID, C_ID, Grade) VALUES (29, 9, 78);
INSERT INTO Student_Course (S_ID, C_ID, Grade) VALUES (29, 10, 81);
INSERT INTO Student_Course (S_ID, C_ID, Grade) VALUES (30, 6, 65);
INSERT INTO Student_Course (S_ID, C_ID, Grade) VALUES (30, 7, 60);
INSERT INTO Student_Course (S_ID, C_ID, Grade) VALUES (30, 8, 70);
INSERT INTO Student_Course (S_ID, C_ID, Grade) VALUES (30, 9, 68);
INSERT INTO Student_Course (S_ID, C_ID, Grade) VALUES (30, 10, 72);
INSERT INTO Student_Course (S_ID, C_ID, Grade) VALUES (31, 6, 88);
INSERT INTO Student_Course (S_ID, C_ID, Grade) VALUES (31, 7, 85);
INSERT INTO Student_Course (S_ID, C_ID, Grade) VALUES (31, 8, 90);
INSERT INTO Student_Course (S_ID, C_ID, Grade) VALUES (31, 9, 87);
INSERT INTO Student_Course (S_ID, C_ID, Grade) VALUES (31, 10, 89);
INSERT INTO Student_Course (S_ID, C_ID, Grade) VALUES (32, 6, 50);
INSERT INTO Student_Course (S_ID, C_ID, Grade) VALUES (32, 7, 55);
INSERT INTO Student_Course (S_ID, C_ID, Grade) VALUES (32, 8, 60);
INSERT INTO Student_Course (S_ID, C_ID, Grade) VALUES (32, 9, 58);
INSERT INTO Student_Course (S_ID, C_ID, Grade) VALUES (32, 10, 62);
INSERT INTO Student_Course (S_ID, C_ID, Grade) VALUES (33, 6, 92);
INSERT INTO Student_Course (S_ID, C_ID, Grade) VALUES (33, 7, 90);
INSERT INTO Student_Course (S_ID, C_ID, Grade) VALUES (33, 8, 94);
INSERT INTO Student_Course (S_ID, C_ID, Grade) VALUES (33, 9, 91);
INSERT INTO Student_Course (S_ID, C_ID, Grade) VALUES (33, 10, 93);
INSERT INTO Student_Course (S_ID, C_ID, Grade) VALUES (34, 6, 70);
INSERT INTO Student_Course (S_ID, C_ID, Grade) VALUES (34, 7, 65);
INSERT INTO Student_Course (S_ID, C_ID, Grade) VALUES (34, 8, 75);
INSERT INTO Student_Course (S_ID, C_ID, Grade) VALUES (34, 9, 72);
INSERT INTO Student_Course (S_ID, C_ID, Grade) VALUES (34, 10, 74);
INSERT INTO Student_Course (S_ID, C_ID, Grade) VALUES (35, 6, 85);
INSERT INTO Student_Course (S_ID, C_ID, Grade) VALUES (35, 7, 80);
INSERT INTO Student_Course (S_ID, C_ID, Grade) VALUES (35, 8, 88);
INSERT INTO Student_Course (S_ID, C_ID, Grade) VALUES (35, 9, 84);
INSERT INTO Student_Course (S_ID, C_ID, Grade) VALUES (35, 10, 87);
INSERT INTO Student_Course (S_ID, C_ID, Grade) VALUES (36, 6, 55);
INSERT INTO Student_Course (S_ID, C_ID, Grade) VALUES (36, 7, 60);
INSERT INTO Student_Course (S_ID, C_ID, Grade) VALUES (36, 8, 65);
INSERT INTO Student_Course (S_ID, C_ID, Grade) VALUES (36, 9, 62);
INSERT INTO Student_Course (S_ID, C_ID, Grade) VALUES (36, 10, 68);
INSERT INTO Student_Course (S_ID, C_ID, Grade) VALUES (37, 6, 78);
INSERT INTO Student_Course (S_ID, C_ID, Grade) VALUES (37, 7, 75);
INSERT INTO Student_Course (S_ID, C_ID, Grade) VALUES (37, 8, 80);
INSERT INTO Student_Course (S_ID, C_ID, Grade) VALUES (37, 9, 77);
INSERT INTO Student_Course (S_ID, C_ID, Grade) VALUES (37, 10, 79);
INSERT INTO Student_Course (S_ID, C_ID, Grade) VALUES (38, 6, 82);
INSERT INTO Student_Course (S_ID, C_ID, Grade) VALUES (38, 7, 78);
INSERT INTO Student_Course (S_ID, C_ID, Grade) VALUES (38, 8, 85);
INSERT INTO Student_Course (S_ID, C_ID, Grade) VALUES (38, 9, 80);
INSERT INTO Student_Course (S_ID, C_ID, Grade) VALUES (38, 10, 83);
INSERT INTO Student_Course (S_ID, C_ID, Grade) VALUES (39, 6, 90);
INSERT INTO Student_Course (S_ID, C_ID, Grade) VALUES (39, 7, 88);
INSERT INTO Student_Course (S_ID, C_ID, Grade) VALUES (39, 8, 92);
INSERT INTO Student_Course (S_ID, C_ID, Grade) VALUES (39, 9, 89);
INSERT INTO Student_Course (S_ID, C_ID, Grade) VALUES (39, 10, 91);
INSERT INTO Student_Course (S_ID, C_ID, Grade) VALUES (40, 6, 65);
INSERT INTO Student_Course (S_ID, C_ID, Grade) VALUES (40, 7, 70);
INSERT INTO Student_Course (S_ID, C_ID, Grade) VALUES (40, 8, 75);
INSERT INTO Student_Course (S_ID, C_ID, Grade) VALUES (40, 9, 72);
INSERT INTO Student_Course (S_ID, C_ID, Grade) VALUES (40, 10, 74);

INSERT INTO Student_Course (S_ID, C_ID, Grade) VALUES (41, 11, 85);
INSERT INTO Student_Course (S_ID, C_ID, Grade) VALUES (41, 12, 78);
INSERT INTO Student_Course (S_ID, C_ID, Grade) VALUES (41, 13, 92);
INSERT INTO Student_Course (S_ID, C_ID, Grade) VALUES (41, 14, 88);
INSERT INTO Student_Course (S_ID, C_ID, Grade) VALUES (41, 15, 90);
INSERT INTO Student_Course (S_ID, C_ID, Grade) VALUES (42, 11, 72);
INSERT INTO Student_Course (S_ID, C_ID, Grade) VALUES (42, 12, 65);
INSERT INTO Student_Course (S_ID, C_ID, Grade) VALUES (42, 13, 80);
INSERT INTO Student_Course (S_ID, C_ID, Grade) VALUES (42, 14, 75);
INSERT INTO Student_Course (S_ID, C_ID, Grade) VALUES (42, 15, 82);
INSERT INTO Student_Course (S_ID, C_ID, Grade) VALUES (43, 11, 95);
INSERT INTO Student_Course (S_ID, C_ID, Grade) VALUES (43, 12, 88);
INSERT INTO Student_Course (S_ID, C_ID, Grade) VALUES (43, 13, 91);
INSERT INTO Student_Course (S_ID, C_ID, Grade) VALUES (43, 14, 89);
INSERT INTO Student_Course (S_ID, C_ID, Grade) VALUES (43, 15, 94);
INSERT INTO Student_Course (S_ID, C_ID, Grade) VALUES (44, 11, 60);
INSERT INTO Student_Course (S_ID, C_ID, Grade) VALUES (44, 12, 55);
INSERT INTO Student_Course (S_ID, C_ID, Grade) VALUES (44, 13, 70);
INSERT INTO Student_Course (S_ID, C_ID, Grade) VALUES (44, 14, 65);
INSERT INTO Student_Course (S_ID, C_ID, Grade) VALUES (44, 15, 68);
INSERT INTO Student_Course (S_ID, C_ID, Grade) VALUES (45, 11, 82);
INSERT INTO Student_Course (S_ID, C_ID, Grade) VALUES (45, 12, 78);
INSERT INTO Student_Course (S_ID, C_ID, Grade) VALUES (45, 13, 85);
INSERT INTO Student_Course (S_ID, C_ID, Grade) VALUES (45, 14, 80);
INSERT INTO Student_Course (S_ID, C_ID, Grade) VALUES (45, 15, 84);
INSERT INTO Student_Course (S_ID, C_ID, Grade) VALUES (46, 11, 45);
INSERT INTO Student_Course (S_ID, C_ID, Grade) VALUES (46, 12, 50);
INSERT INTO Student_Course (S_ID, C_ID, Grade) VALUES (46, 13, 55);
INSERT INTO Student_Course (S_ID, C_ID, Grade) VALUES (46, 14, 48);
INSERT INTO Student_Course (S_ID, C_ID, Grade) VALUES (46, 15, 52);
INSERT INTO Student_Course (S_ID, C_ID, Grade) VALUES (47, 11, 90);
INSERT INTO Student_Course (S_ID, C_ID, Grade) VALUES (47, 12, 85);
INSERT INTO Student_Course (S_ID, C_ID, Grade) VALUES (47, 13, 92);
INSERT INTO Student_Course (S_ID, C_ID, Grade) VALUES (47, 14, 88);
INSERT INTO Student_Course (S_ID, C_ID, Grade) VALUES (47, 15, 91);
INSERT INTO Student_Course (S_ID, C_ID, Grade) VALUES (48, 11, 75);
INSERT INTO Student_Course (S_ID, C_ID, Grade) VALUES (48, 12, 70);
INSERT INTO Student_Course (S_ID, C_ID, Grade) VALUES (48, 13, 78);
INSERT INTO Student_Course (S_ID, C_ID, Grade) VALUES (48, 14, 72);
INSERT INTO Student_Course (S_ID, C_ID, Grade) VALUES (48, 15, 76);
INSERT INTO Student_Course (S_ID, C_ID, Grade) VALUES (49, 11, 80);
INSERT INTO Student_Course (S_ID, C_ID, Grade) VALUES (49, 12, 75);
INSERT INTO Student_Course (S_ID, C_ID, Grade) VALUES (49, 13, 82);
INSERT INTO Student_Course (S_ID, C_ID, Grade) VALUES (49, 14, 78);
INSERT INTO Student_Course (S_ID, C_ID, Grade) VALUES (49, 15, 81);
INSERT INTO Student_Course (S_ID, C_ID, Grade) VALUES (50, 11, 65);
INSERT INTO Student_Course (S_ID, C_ID, Grade) VALUES (50, 12, 60);
INSERT INTO Student_Course (S_ID, C_ID, Grade) VALUES (50, 13, 70);
INSERT INTO Student_Course (S_ID, C_ID, Grade) VALUES (50, 14, 68);
INSERT INTO Student_Course (S_ID, C_ID, Grade) VALUES (50, 15, 72);
INSERT INTO Student_Course (S_ID, C_ID, Grade) VALUES (51, 11, 88);
INSERT INTO Student_Course (S_ID, C_ID, Grade) VALUES (51, 12, 85);
INSERT INTO Student_Course (S_ID, C_ID, Grade) VALUES (51, 13, 90);
INSERT INTO Student_Course (S_ID, C_ID, Grade) VALUES (51, 14, 87);
INSERT INTO Student_Course (S_ID, C_ID, Grade) VALUES (51, 15, 89);
INSERT INTO Student_Course (S_ID, C_ID, Grade) VALUES (52, 11, 50);
INSERT INTO Student_Course (S_ID, C_ID, Grade) VALUES (52, 12, 55);
INSERT INTO Student_Course (S_ID, C_ID, Grade) VALUES (52, 13, 60);
INSERT INTO Student_Course (S_ID, C_ID, Grade) VALUES (52, 14, 58);
INSERT INTO Student_Course (S_ID, C_ID, Grade) VALUES (52, 15, 62);
INSERT INTO Student_Course (S_ID, C_ID, Grade) VALUES (53, 11, 92);
INSERT INTO Student_Course (S_ID, C_ID, Grade) VALUES (53, 12, 90);
INSERT INTO Student_Course (S_ID, C_ID, Grade) VALUES (53, 13, 94);
INSERT INTO Student_Course (S_ID, C_ID, Grade) VALUES (53, 14, 91);
INSERT INTO Student_Course (S_ID, C_ID, Grade) VALUES (53, 15, 93);
INSERT INTO Student_Course (S_ID, C_ID, Grade) VALUES (54, 11, 70);
INSERT INTO Student_Course (S_ID, C_ID, Grade) VALUES (54, 12, 65);
INSERT INTO Student_Course (S_ID, C_ID, Grade) VALUES (54, 13, 75);
INSERT INTO Student_Course (S_ID, C_ID, Grade) VALUES (54, 14, 72);
INSERT INTO Student_Course (S_ID, C_ID, Grade) VALUES (54, 15, 74);
INSERT INTO Student_Course (S_ID, C_ID, Grade) VALUES (55, 11, 85);
INSERT INTO Student_Course (S_ID, C_ID, Grade) VALUES (55, 12, 80);
INSERT INTO Student_Course (S_ID, C_ID, Grade) VALUES (55, 13, 88);
INSERT INTO Student_Course (S_ID, C_ID, Grade) VALUES (55, 14, 84);
INSERT INTO Student_Course (S_ID, C_ID, Grade) VALUES (55, 15, 87);
INSERT INTO Student_Course (S_ID, C_ID, Grade) VALUES (56, 11, 55);
INSERT INTO Student_Course (S_ID, C_ID, Grade) VALUES (56, 12, 60);
INSERT INTO Student_Course (S_ID, C_ID, Grade) VALUES (56, 13, 65);
INSERT INTO Student_Course (S_ID, C_ID, Grade) VALUES (56, 14, 62);
INSERT INTO Student_Course (S_ID, C_ID, Grade) VALUES (56, 15, 68);
INSERT INTO Student_Course (S_ID, C_ID, Grade) VALUES (57, 11, 78);
INSERT INTO Student_Course (S_ID, C_ID, Grade) VALUES (57, 12, 75);
INSERT INTO Student_Course (S_ID, C_ID, Grade) VALUES (57, 13, 80);
INSERT INTO Student_Course (S_ID, C_ID, Grade) VALUES (57, 14, 77);
INSERT INTO Student_Course (S_ID, C_ID, Grade) VALUES (57, 15, 79);
INSERT INTO Student_Course (S_ID, C_ID, Grade) VALUES (58, 11, 82);
INSERT INTO Student_Course (S_ID, C_ID, Grade) VALUES (58, 12, 78);
INSERT INTO Student_Course (S_ID, C_ID, Grade) VALUES (58, 13, 85);
INSERT INTO Student_Course (S_ID, C_ID, Grade) VALUES (58, 14, 80);
INSERT INTO Student_Course (S_ID, C_ID, Grade) VALUES (58, 15, 83);
INSERT INTO Student_Course (S_ID, C_ID, Grade) VALUES (59, 11, 90);
INSERT INTO Student_Course (S_ID, C_ID, Grade) VALUES (59, 12, 88);
INSERT INTO Student_Course (S_ID, C_ID, Grade) VALUES (59, 13, 92);
INSERT INTO Student_Course (S_ID, C_ID, Grade) VALUES (59, 14, 89);
INSERT INTO Student_Course (S_ID, C_ID, Grade) VALUES (59, 15, 91);
INSERT INTO Student_Course (S_ID, C_ID, Grade) VALUES (60, 11, 65);
INSERT INTO Student_Course (S_ID, C_ID, Grade) VALUES (60, 12, 70);
INSERT INTO Student_Course (S_ID, C_ID, Grade) VALUES (60, 13, 75);
INSERT INTO Student_Course (S_ID, C_ID, Grade) VALUES (60, 14, 72);
INSERT INTO Student_Course (S_ID, C_ID, Grade) VALUES (60, 15, 74);

INSERT INTO Student_Course (S_ID, C_ID, Grade) VALUES (61, 16, 85);
INSERT INTO Student_Course (S_ID, C_ID, Grade) VALUES (61, 17, 78);
INSERT INTO Student_Course (S_ID, C_ID, Grade) VALUES (61, 18, 92);
INSERT INTO Student_Course (S_ID, C_ID, Grade) VALUES (61, 19, 88);
INSERT INTO Student_Course (S_ID, C_ID, Grade) VALUES (61, 20, 90);
INSERT INTO Student_Course (S_ID, C_ID, Grade) VALUES (62, 16, 72);
INSERT INTO Student_Course (S_ID, C_ID, Grade) VALUES (62, 17, 65);
INSERT INTO Student_Course (S_ID, C_ID, Grade) VALUES (62, 18, 80);
INSERT INTO Student_Course (S_ID, C_ID, Grade) VALUES (62, 19, 75);
INSERT INTO Student_Course (S_ID, C_ID, Grade) VALUES (62, 20, 82);
INSERT INTO Student_Course (S_ID, C_ID, Grade) VALUES (63, 16, 95);
INSERT INTO Student_Course (S_ID, C_ID, Grade) VALUES (63, 17, 88);
INSERT INTO Student_Course (S_ID, C_ID, Grade) VALUES (63, 18, 91);
INSERT INTO Student_Course (S_ID, C_ID, Grade) VALUES (63, 19, 89);
INSERT INTO Student_Course (S_ID, C_ID, Grade) VALUES (63, 20, 94);
INSERT INTO Student_Course (S_ID, C_ID, Grade) VALUES (64, 16, 60);
INSERT INTO Student_Course (S_ID, C_ID, Grade) VALUES (64, 17, 55);
INSERT INTO Student_Course (S_ID, C_ID, Grade) VALUES (64, 18, 70);
INSERT INTO Student_Course (S_ID, C_ID, Grade) VALUES (64, 19, 65);
INSERT INTO Student_Course (S_ID, C_ID, Grade) VALUES (64, 20, 68);
INSERT INTO Student_Course (S_ID, C_ID, Grade) VALUES (65, 16, 82);
INSERT INTO Student_Course (S_ID, C_ID, Grade) VALUES (65, 17, 78);
INSERT INTO Student_Course (S_ID, C_ID, Grade) VALUES (65, 18, 85);
INSERT INTO Student_Course (S_ID, C_ID, Grade) VALUES (65, 19, 80);
INSERT INTO Student_Course (S_ID, C_ID, Grade) VALUES (65, 20, 84);
INSERT INTO Student_Course (S_ID, C_ID, Grade) VALUES (66, 16, 45);
INSERT INTO Student_Course (S_ID, C_ID, Grade) VALUES (66, 17, 50);
INSERT INTO Student_Course (S_ID, C_ID, Grade) VALUES (66, 18, 55);
INSERT INTO Student_Course (S_ID, C_ID, Grade) VALUES (66, 19, 48);
INSERT INTO Student_Course (S_ID, C_ID, Grade) VALUES (66, 20, 52);
INSERT INTO Student_Course (S_ID, C_ID, Grade) VALUES (67, 16, 90);
INSERT INTO Student_Course (S_ID, C_ID, Grade) VALUES (67, 17, 85);
INSERT INTO Student_Course (S_ID, C_ID, Grade) VALUES (67, 18, 92);
INSERT INTO Student_Course (S_ID, C_ID, Grade) VALUES (67, 19, 88);
INSERT INTO Student_Course (S_ID, C_ID, Grade) VALUES (67, 20, 91);
INSERT INTO Student_Course (S_ID, C_ID, Grade) VALUES (68, 16, 75);
INSERT INTO Student_Course (S_ID, C_ID, Grade) VALUES (68, 17, 70);
INSERT INTO Student_Course (S_ID, C_ID, Grade) VALUES (68, 18, 78);
INSERT INTO Student_Course (S_ID, C_ID, Grade) VALUES (68, 19, 72);
INSERT INTO Student_Course (S_ID, C_ID, Grade) VALUES (68, 20, 76);
INSERT INTO Student_Course (S_ID, C_ID, Grade) VALUES (69, 16, 80);
INSERT INTO Student_Course (S_ID, C_ID, Grade) VALUES (69, 17, 75);
INSERT INTO Student_Course (S_ID, C_ID, Grade) VALUES (69, 18, 82);
INSERT INTO Student_Course (S_ID, C_ID, Grade) VALUES (69, 19, 78);
INSERT INTO Student_Course (S_ID, C_ID, Grade) VALUES (69, 20, 81);
INSERT INTO Student_Course (S_ID, C_ID, Grade) VALUES (70, 16, 65);
INSERT INTO Student_Course (S_ID, C_ID, Grade) VALUES (70, 17, 60);
INSERT INTO Student_Course (S_ID, C_ID, Grade) VALUES (70, 18, 70);
INSERT INTO Student_Course (S_ID, C_ID, Grade) VALUES (70, 19, 68);
INSERT INTO Student_Course (S_ID, C_ID, Grade) VALUES (70, 20, 72);
INSERT INTO Student_Course (S_ID, C_ID, Grade) VALUES (71, 16, 88);
INSERT INTO Student_Course (S_ID, C_ID, Grade) VALUES (71, 17, 85);
INSERT INTO Student_Course (S_ID, C_ID, Grade) VALUES (71, 18, 90);
INSERT INTO Student_Course (S_ID, C_ID, Grade) VALUES (71, 19, 87);
INSERT INTO Student_Course (S_ID, C_ID, Grade) VALUES (71, 20, 89);
INSERT INTO Student_Course (S_ID, C_ID, Grade) VALUES (72, 16, 50);
INSERT INTO Student_Course (S_ID, C_ID, Grade) VALUES (72, 17, 55);
INSERT INTO Student_Course (S_ID, C_ID, Grade) VALUES (72, 18, 60);
INSERT INTO Student_Course (S_ID, C_ID, Grade) VALUES (72, 19, 58);
INSERT INTO Student_Course (S_ID, C_ID, Grade) VALUES (72, 20, 62);
INSERT INTO Student_Course (S_ID, C_ID, Grade) VALUES (73, 16, 92);
INSERT INTO Student_Course (S_ID, C_ID, Grade) VALUES (73, 17, 90);
INSERT INTO Student_Course (S_ID, C_ID, Grade) VALUES (73, 18, 94);
INSERT INTO Student_Course (S_ID, C_ID, Grade) VALUES (73, 19, 91);
INSERT INTO Student_Course (S_ID, C_ID, Grade) VALUES (73, 20, 93);
INSERT INTO Student_Course (S_ID, C_ID, Grade) VALUES (74, 16, 70);
INSERT INTO Student_Course (S_ID, C_ID, Grade) VALUES (74, 17, 65);
INSERT INTO Student_Course (S_ID, C_ID, Grade) VALUES (74, 18, 75);
INSERT INTO Student_Course (S_ID, C_ID, Grade) VALUES (74, 19, 72);
INSERT INTO Student_Course (S_ID, C_ID, Grade) VALUES (74, 20, 74);
INSERT INTO Student_Course (S_ID, C_ID, Grade) VALUES (75, 16, 85);
INSERT INTO Student_Course (S_ID, C_ID, Grade) VALUES (75, 17, 80);
INSERT INTO Student_Course (S_ID, C_ID, Grade) VALUES (75, 18, 88);
INSERT INTO Student_Course (S_ID, C_ID, Grade) VALUES (75, 19, 84);
INSERT INTO Student_Course (S_ID, C_ID, Grade) VALUES (75, 20, 87);
INSERT INTO Student_Course (S_ID, C_ID, Grade) VALUES (76, 16, 55);
INSERT INTO Student_Course (S_ID, C_ID, Grade) VALUES (76, 17, 60);
INSERT INTO Student_Course (S_ID, C_ID, Grade) VALUES (76, 18, 65);
INSERT INTO Student_Course (S_ID, C_ID, Grade) VALUES (76, 19, 62);
INSERT INTO Student_Course (S_ID, C_ID, Grade) VALUES (76, 20, 68);
INSERT INTO Student_Course (S_ID, C_ID, Grade) VALUES (77, 16, 78);
INSERT INTO Student_Course (S_ID, C_ID, Grade) VALUES (77, 17, 75);
INSERT INTO Student_Course (S_ID, C_ID, Grade) VALUES (77, 18, 80);
INSERT INTO Student_Course (S_ID, C_ID, Grade) VALUES (77, 19, 77);
INSERT INTO Student_Course (S_ID, C_ID, Grade) VALUES (77, 20, 79);
INSERT INTO Student_Course (S_ID, C_ID, Grade) VALUES (78, 16, 82);
INSERT INTO Student_Course (S_ID, C_ID, Grade) VALUES (78, 17, 78);
INSERT INTO Student_Course (S_ID, C_ID, Grade) VALUES (78, 18, 85);
INSERT INTO Student_Course (S_ID, C_ID, Grade) VALUES (78, 19, 80);
INSERT INTO Student_Course (S_ID, C_ID, Grade) VALUES (78, 20, 83);
INSERT INTO Student_Course (S_ID, C_ID, Grade) VALUES (79, 16, 90);
INSERT INTO Student_Course (S_ID, C_ID, Grade) VALUES (79, 17, 88);
INSERT INTO Student_Course (S_ID, C_ID, Grade) VALUES (79, 18, 92);
INSERT INTO Student_Course (S_ID, C_ID, Grade) VALUES (79, 19, 89);
INSERT INTO Student_Course (S_ID, C_ID, Grade) VALUES (79, 20, 91);
INSERT INTO Student_Course (S_ID, C_ID, Grade) VALUES (80, 16, 65);
INSERT INTO Student_Course (S_ID, C_ID, Grade) VALUES (80, 17, 70);
INSERT INTO Student_Course (S_ID, C_ID, Grade) VALUES (80, 18, 75);
INSERT INTO Student_Course (S_ID, C_ID, Grade) VALUES (80, 19, 72);
INSERT INTO Student_Course (S_ID, C_ID, Grade) VALUES (80, 20, 74);

INSERT INTO Student_Course (S_ID, C_ID, Grade) VALUES (81, 21, 85);
INSERT INTO Student_Course (S_ID, C_ID, Grade) VALUES (81, 22, 78);
INSERT INTO Student_Course (S_ID, C_ID, Grade) VALUES (81, 23, 92);
INSERT INTO Student_Course (S_ID, C_ID, Grade) VALUES (81, 24, 88);
INSERT INTO Student_Course (S_ID, C_ID, Grade) VALUES (81, 25, 90);
INSERT INTO Student_Course (S_ID, C_ID, Grade) VALUES (82, 21, 72);
INSERT INTO Student_Course (S_ID, C_ID, Grade) VALUES (82, 22, 65);
INSERT INTO Student_Course (S_ID, C_ID, Grade) VALUES (82, 23, 80);
INSERT INTO Student_Course (S_ID, C_ID, Grade) VALUES (82, 24, 75);
INSERT INTO Student_Course (S_ID, C_ID, Grade) VALUES (82, 25, 82);
INSERT INTO Student_Course (S_ID, C_ID, Grade) VALUES (83, 21, 95);
INSERT INTO Student_Course (S_ID, C_ID, Grade) VALUES (83, 22, 88);
INSERT INTO Student_Course (S_ID, C_ID, Grade) VALUES (83, 23, 91);
INSERT INTO Student_Course (S_ID, C_ID, Grade) VALUES (83, 24, 89);
INSERT INTO Student_Course (S_ID, C_ID, Grade) VALUES (83, 25, 94);
INSERT INTO Student_Course (S_ID, C_ID, Grade) VALUES (84, 21, 60);
INSERT INTO Student_Course (S_ID, C_ID, Grade) VALUES (84, 22, 55);
INSERT INTO Student_Course (S_ID, C_ID, Grade) VALUES (84, 23, 70);
INSERT INTO Student_Course (S_ID, C_ID, Grade) VALUES (84, 24, 65);
INSERT INTO Student_Course (S_ID, C_ID, Grade) VALUES (84, 25, 68);
INSERT INTO Student_Course (S_ID, C_ID, Grade) VALUES (85, 21, 82);
INSERT INTO Student_Course (S_ID, C_ID, Grade) VALUES (85, 22, 78);
INSERT INTO Student_Course (S_ID, C_ID, Grade) VALUES (85, 23, 85);
INSERT INTO Student_Course (S_ID, C_ID, Grade) VALUES (85, 24, 80);
INSERT INTO Student_Course (S_ID, C_ID, Grade) VALUES (85, 25, 84);
INSERT INTO Student_Course (S_ID, C_ID, Grade) VALUES (86, 21, 45);
INSERT INTO Student_Course (S_ID, C_ID, Grade) VALUES (86, 22, 50);
INSERT INTO Student_Course (S_ID, C_ID, Grade) VALUES (86, 23, 55);
INSERT INTO Student_Course (S_ID, C_ID, Grade) VALUES (86, 24, 48);
INSERT INTO Student_Course (S_ID, C_ID, Grade) VALUES (86, 25, 52);
INSERT INTO Student_Course (S_ID, C_ID, Grade) VALUES (87, 21, 90);
INSERT INTO Student_Course (S_ID, C_ID, Grade) VALUES (87, 22, 85);
INSERT INTO Student_Course (S_ID, C_ID, Grade) VALUES (87, 23, 92);
INSERT INTO Student_Course (S_ID, C_ID, Grade) VALUES (87, 24, 88);
INSERT INTO Student_Course (S_ID, C_ID, Grade) VALUES (87, 25, 91);
INSERT INTO Student_Course (S_ID, C_ID, Grade) VALUES (88, 21, 75);
INSERT INTO Student_Course (S_ID, C_ID, Grade) VALUES (88, 22, 70);
INSERT INTO Student_Course (S_ID, C_ID, Grade) VALUES (88, 23, 78);
INSERT INTO Student_Course (S_ID, C_ID, Grade) VALUES (88, 24, 72);
INSERT INTO Student_Course (S_ID, C_ID, Grade) VALUES (88, 25, 76);
INSERT INTO Student_Course (S_ID, C_ID, Grade) VALUES (89, 21, 80);
INSERT INTO Student_Course (S_ID, C_ID, Grade) VALUES (89, 22, 75);
INSERT INTO Student_Course (S_ID, C_ID, Grade) VALUES (89, 23, 82);
INSERT INTO Student_Course (S_ID, C_ID, Grade) VALUES (89, 24, 78);
INSERT INTO Student_Course (S_ID, C_ID, Grade) VALUES (89, 25, 81);
INSERT INTO Student_Course (S_ID, C_ID, Grade) VALUES (90, 21, 65);
INSERT INTO Student_Course (S_ID, C_ID, Grade) VALUES (90, 22, 60);
INSERT INTO Student_Course (S_ID, C_ID, Grade) VALUES (90, 23, 70);
INSERT INTO Student_Course (S_ID, C_ID, Grade) VALUES (90, 24, 68);
INSERT INTO Student_Course (S_ID, C_ID, Grade) VALUES (90, 25, 72);
INSERT INTO Student_Course (S_ID, C_ID, Grade) VALUES (91, 21, 88);
INSERT INTO Student_Course (S_ID, C_ID, Grade) VALUES (91, 22, 85);
INSERT INTO Student_Course (S_ID, C_ID, Grade) VALUES (91, 23, 90);
INSERT INTO Student_Course (S_ID, C_ID, Grade) VALUES (91, 24, 87);
INSERT INTO Student_Course (S_ID, C_ID, Grade) VALUES (91, 25, 89);
INSERT INTO Student_Course (S_ID, C_ID, Grade) VALUES (92, 21, 50);
INSERT INTO Student_Course (S_ID, C_ID, Grade) VALUES (92, 22, 55);
INSERT INTO Student_Course (S_ID, C_ID, Grade) VALUES (92, 23, 60);
INSERT INTO Student_Course (S_ID, C_ID, Grade) VALUES (92, 24, 58);
INSERT INTO Student_Course (S_ID, C_ID, Grade) VALUES (92, 25, 62);
INSERT INTO Student_Course (S_ID, C_ID, Grade) VALUES (93, 21, 92);
INSERT INTO Student_Course (S_ID, C_ID, Grade) VALUES (93, 22, 90);
INSERT INTO Student_Course (S_ID, C_ID, Grade) VALUES (93, 23, 94);
INSERT INTO Student_Course (S_ID, C_ID, Grade) VALUES (93, 24, 91);
INSERT INTO Student_Course (S_ID, C_ID, Grade) VALUES (93, 25, 93);
INSERT INTO Student_Course (S_ID, C_ID, Grade) VALUES (94, 21, 70);
INSERT INTO Student_Course (S_ID, C_ID, Grade) VALUES (94, 22, 65);
INSERT INTO Student_Course (S_ID, C_ID, Grade) VALUES (94, 23, 75);
INSERT INTO Student_Course (S_ID, C_ID, Grade) VALUES (94, 24, 72);
INSERT INTO Student_Course (S_ID, C_ID, Grade) VALUES (94, 25, 74);
INSERT INTO Student_Course (S_ID, C_ID, Grade) VALUES (95, 21, 85);
INSERT INTO Student_Course (S_ID, C_ID, Grade) VALUES (95, 22, 80);
INSERT INTO Student_Course (S_ID, C_ID, Grade) VALUES (95, 23, 88);
INSERT INTO Student_Course (S_ID, C_ID, Grade) VALUES (95, 24, 84);
INSERT INTO Student_Course (S_ID, C_ID, Grade) VALUES (95, 25, 87);
INSERT INTO Student_Course (S_ID, C_ID, Grade) VALUES (96, 21, 55);
INSERT INTO Student_Course (S_ID, C_ID, Grade) VALUES (96, 22, 60);
INSERT INTO Student_Course (S_ID, C_ID, Grade) VALUES (96, 23, 65);
INSERT INTO Student_Course (S_ID, C_ID, Grade) VALUES (96, 24, 62);
INSERT INTO Student_Course (S_ID, C_ID, Grade) VALUES (96, 25, 68);
INSERT INTO Student_Course (S_ID, C_ID, Grade) VALUES (97, 21, 78);
INSERT INTO Student_Course (S_ID, C_ID, Grade) VALUES (97, 22, 75);
INSERT INTO Student_Course (S_ID, C_ID, Grade) VALUES (97, 23, 80);
INSERT INTO Student_Course (S_ID, C_ID, Grade) VALUES (97, 24, 77);
INSERT INTO Student_Course (S_ID, C_ID, Grade) VALUES (97, 25, 79);
INSERT INTO Student_Course (S_ID, C_ID, Grade) VALUES (98, 21, 82);
INSERT INTO Student_Course (S_ID, C_ID, Grade) VALUES (98, 22, 78);
INSERT INTO Student_Course (S_ID, C_ID, Grade) VALUES (98, 23, 85);
INSERT INTO Student_Course (S_ID, C_ID, Grade) VALUES (98, 24, 80);
INSERT INTO Student_Course (S_ID, C_ID, Grade) VALUES (98, 25, 83);
INSERT INTO Student_Course (S_ID, C_ID, Grade) VALUES (99, 21, 90);
INSERT INTO Student_Course (S_ID, C_ID, Grade) VALUES (99, 22, 88);
INSERT INTO Student_Course (S_ID, C_ID, Grade) VALUES (99, 23, 92);
INSERT INTO Student_Course (S_ID, C_ID, Grade) VALUES (99, 24, 89);
INSERT INTO Student_Course (S_ID, C_ID, Grade) VALUES (99, 25, 91);
INSERT INTO Student_Course (S_ID, C_ID, Grade) VALUES (100, 21, 65);
INSERT INTO Student_Course (S_ID, C_ID, Grade) VALUES (100, 22, 70);
INSERT INTO Student_Course (S_ID, C_ID, Grade) VALUES (100, 23, 75);
INSERT INTO Student_Course (S_ID, C_ID, Grade) VALUES (100, 24, 72);
INSERT INTO Student_Course (S_ID, C_ID, Grade) VALUES (100, 25, 74);

INSERT INTO Student_Course (S_ID, C_ID, Grade) VALUES (101, 26, 85);
INSERT INTO Student_Course (S_ID, C_ID, Grade) VALUES (101, 27, 78);
INSERT INTO Student_Course (S_ID, C_ID, Grade) VALUES (101, 28, 92);
INSERT INTO Student_Course (S_ID, C_ID, Grade) VALUES (101, 29, 88);
INSERT INTO Student_Course (S_ID, C_ID, Grade) VALUES (101, 30, 90);
INSERT INTO Student_Course (S_ID, C_ID, Grade) VALUES (102, 26, 72);
INSERT INTO Student_Course (S_ID, C_ID, Grade) VALUES (102, 27, 65);
INSERT INTO Student_Course (S_ID, C_ID, Grade) VALUES (102, 28, 80);
INSERT INTO Student_Course (S_ID, C_ID, Grade) VALUES (102, 29, 75);
INSERT INTO Student_Course (S_ID, C_ID, Grade) VALUES (102, 30, 82);
INSERT INTO Student_Course (S_ID, C_ID, Grade) VALUES (103, 26, 95);
INSERT INTO Student_Course (S_ID, C_ID, Grade) VALUES (103, 27, 88);
INSERT INTO Student_Course (S_ID, C_ID, Grade) VALUES (103, 28, 91);
INSERT INTO Student_Course (S_ID, C_ID, Grade) VALUES (103, 29, 89);
INSERT INTO Student_Course (S_ID, C_ID, Grade) VALUES (103, 30, 94);
INSERT INTO Student_Course (S_ID, C_ID, Grade) VALUES (104, 26, 60);
INSERT INTO Student_Course (S_ID, C_ID, Grade) VALUES (104, 27, 55);
INSERT INTO Student_Course (S_ID, C_ID, Grade) VALUES (104, 28, 70);
INSERT INTO Student_Course (S_ID, C_ID, Grade) VALUES (104, 29, 65);
INSERT INTO Student_Course (S_ID, C_ID, Grade) VALUES (104, 30, 68);
INSERT INTO Student_Course (S_ID, C_ID, Grade) VALUES (105, 26, 82);
INSERT INTO Student_Course (S_ID, C_ID, Grade) VALUES (105, 27, 78);
INSERT INTO Student_Course (S_ID, C_ID, Grade) VALUES (105, 28, 85);
INSERT INTO Student_Course (S_ID, C_ID, Grade) VALUES (105, 29, 80);
INSERT INTO Student_Course (S_ID, C_ID, Grade) VALUES (105, 30, 84);
INSERT INTO Student_Course (S_ID, C_ID, Grade) VALUES (106, 26, 45);
INSERT INTO Student_Course (S_ID, C_ID, Grade) VALUES (106, 27, 50);
INSERT INTO Student_Course (S_ID, C_ID, Grade) VALUES (106, 28, 55);
INSERT INTO Student_Course (S_ID, C_ID, Grade) VALUES (106, 29, 48);
INSERT INTO Student_Course (S_ID, C_ID, Grade) VALUES (106, 30, 52);
INSERT INTO Student_Course (S_ID, C_ID, Grade) VALUES (107, 26, 90);
INSERT INTO Student_Course (S_ID, C_ID, Grade) VALUES (107, 27, 85);
INSERT INTO Student_Course (S_ID, C_ID, Grade) VALUES (107, 28, 92);
INSERT INTO Student_Course (S_ID, C_ID, Grade) VALUES (107, 29, 88);
INSERT INTO Student_Course (S_ID, C_ID, Grade) VALUES (107, 30, 91);
INSERT INTO Student_Course (S_ID, C_ID, Grade) VALUES (108, 26, 75);
INSERT INTO Student_Course (S_ID, C_ID, Grade) VALUES (108, 27, 70);
INSERT INTO Student_Course (S_ID, C_ID, Grade) VALUES (108, 28, 78);
INSERT INTO Student_Course (S_ID, C_ID, Grade) VALUES (108, 29, 72);
INSERT INTO Student_Course (S_ID, C_ID, Grade) VALUES (108, 30, 76);
INSERT INTO Student_Course (S_ID, C_ID, Grade) VALUES (109, 26, 80);
INSERT INTO Student_Course (S_ID, C_ID, Grade) VALUES (109, 27, 75);
INSERT INTO Student_Course (S_ID, C_ID, Grade) VALUES (109, 28, 82);
INSERT INTO Student_Course (S_ID, C_ID, Grade) VALUES (109, 29, 78);
INSERT INTO Student_Course (S_ID, C_ID, Grade) VALUES (109, 30, 81);
INSERT INTO Student_Course (S_ID, C_ID, Grade) VALUES (110, 26, 65);
INSERT INTO Student_Course (S_ID, C_ID, Grade) VALUES (110, 27, 60);
INSERT INTO Student_Course (S_ID, C_ID, Grade) VALUES (110, 28, 70);
INSERT INTO Student_Course (S_ID, C_ID, Grade) VALUES (110, 29, 68);
INSERT INTO Student_Course (S_ID, C_ID, Grade) VALUES (110, 30, 72);
INSERT INTO Student_Course (S_ID, C_ID, Grade) VALUES (111, 26, 88);
INSERT INTO Student_Course (S_ID, C_ID, Grade) VALUES (111, 27, 85);
INSERT INTO Student_Course (S_ID, C_ID, Grade) VALUES (111, 28, 90);
INSERT INTO Student_Course (S_ID, C_ID, Grade) VALUES (111, 29, 87);
INSERT INTO Student_Course (S_ID, C_ID, Grade) VALUES (111, 30, 89);
INSERT INTO Student_Course (S_ID, C_ID, Grade) VALUES (112, 26, 50);
INSERT INTO Student_Course (S_ID, C_ID, Grade) VALUES (112, 27, 55);
INSERT INTO Student_Course (S_ID, C_ID, Grade) VALUES (112, 28, 60);
INSERT INTO Student_Course (S_ID, C_ID, Grade) VALUES (112, 29, 58);
INSERT INTO Student_Course (S_ID, C_ID, Grade) VALUES (112, 30, 62);
INSERT INTO Student_Course (S_ID, C_ID, Grade) VALUES (113, 26, 92);
INSERT INTO Student_Course (S_ID, C_ID, Grade) VALUES (113, 27, 90);
INSERT INTO Student_Course (S_ID, C_ID, Grade) VALUES (113, 28, 94);
INSERT INTO Student_Course (S_ID, C_ID, Grade) VALUES (113, 29, 91);
INSERT INTO Student_Course (S_ID, C_ID, Grade) VALUES (113, 30, 93);
INSERT INTO Student_Course (S_ID, C_ID, Grade) VALUES (114, 26, 70);
INSERT INTO Student_Course (S_ID, C_ID, Grade) VALUES (114, 27, 65);
INSERT INTO Student_Course (S_ID, C_ID, Grade) VALUES (114, 28, 75);
INSERT INTO Student_Course (S_ID, C_ID, Grade) VALUES (114, 29, 72);
INSERT INTO Student_Course (S_ID, C_ID, Grade) VALUES (114, 30, 74);
INSERT INTO Student_Course (S_ID, C_ID, Grade) VALUES (115, 26, 85);
INSERT INTO Student_Course (S_ID, C_ID, Grade) VALUES (115, 27, 80);
INSERT INTO Student_Course (S_ID, C_ID, Grade) VALUES (115, 28, 88);
INSERT INTO Student_Course (S_ID, C_ID, Grade) VALUES (115, 29, 84);
INSERT INTO Student_Course (S_ID, C_ID, Grade) VALUES (115, 30, 87);
INSERT INTO Student_Course (S_ID, C_ID, Grade) VALUES (116, 26, 55);
INSERT INTO Student_Course (S_ID, C_ID, Grade) VALUES (116, 27, 60);
INSERT INTO Student_Course (S_ID, C_ID, Grade) VALUES (116, 28, 65);
INSERT INTO Student_Course (S_ID, C_ID, Grade) VALUES (116, 29, 62);
INSERT INTO Student_Course (S_ID, C_ID, Grade) VALUES (116, 30, 68);
INSERT INTO Student_Course (S_ID, C_ID, Grade) VALUES (117, 26, 78);
INSERT INTO Student_Course (S_ID, C_ID, Grade) VALUES (117, 27, 75);
INSERT INTO Student_Course (S_ID, C_ID, Grade) VALUES (117, 28, 80);
INSERT INTO Student_Course (S_ID, C_ID, Grade) VALUES (117, 29, 77);
INSERT INTO Student_Course (S_ID, C_ID, Grade) VALUES (117, 30, 79);
INSERT INTO Student_Course (S_ID, C_ID, Grade) VALUES (118, 26, 82);
INSERT INTO Student_Course (S_ID, C_ID, Grade) VALUES (118, 27, 78);
INSERT INTO Student_Course (S_ID, C_ID, Grade) VALUES (118, 28, 85);
INSERT INTO Student_Course (S_ID, C_ID, Grade) VALUES (118, 29, 80);
INSERT INTO Student_Course (S_ID, C_ID, Grade) VALUES (118, 30, 83);
INSERT INTO Student_Course (S_ID, C_ID, Grade) VALUES (119, 26, 90);
INSERT INTO Student_Course (S_ID, C_ID, Grade) VALUES (119, 27, 88);
INSERT INTO Student_Course (S_ID, C_ID, Grade) VALUES (119, 28, 92);
INSERT INTO Student_Course (S_ID, C_ID, Grade) VALUES (119, 29, 89);
INSERT INTO Student_Course (S_ID, C_ID, Grade) VALUES (119, 30, 91);
INSERT INTO Student_Course (S_ID, C_ID, Grade) VALUES (120, 26, 65);
INSERT INTO Student_Course (S_ID, C_ID, Grade) VALUES (120, 27, 70);
INSERT INTO Student_Course (S_ID, C_ID, Grade) VALUES (120, 28, 75);
INSERT INTO Student_Course (S_ID, C_ID, Grade) VALUES (120, 29, 72);
INSERT INTO Student_Course (S_ID, C_ID, Grade) VALUES (120, 30, 74);

INSERT INTO Student_Course (S_ID, C_ID, Grade) VALUES (121, 41, 85);
INSERT INTO Student_Course (S_ID, C_ID, Grade) VALUES (121, 42, 78);
INSERT INTO Student_Course (S_ID, C_ID, Grade) VALUES (121, 43, 92);
INSERT INTO Student_Course (S_ID, C_ID, Grade) VALUES (121, 44, 88);
INSERT INTO Student_Course (S_ID, C_ID, Grade) VALUES (121, 45, 90);
INSERT INTO Student_Course (S_ID, C_ID, Grade) VALUES (122, 41, 72);
INSERT INTO Student_Course (S_ID, C_ID, Grade) VALUES (122, 42, 65);
INSERT INTO Student_Course (S_ID, C_ID, Grade) VALUES (122, 43, 80);
INSERT INTO Student_Course (S_ID, C_ID, Grade) VALUES (122, 44, 75);
INSERT INTO Student_Course (S_ID, C_ID, Grade) VALUES (122, 45, 82);
INSERT INTO Student_Course (S_ID, C_ID, Grade) VALUES (123, 41, 95);
INSERT INTO Student_Course (S_ID, C_ID, Grade) VALUES (123, 42, 88);
INSERT INTO Student_Course (S_ID, C_ID, Grade) VALUES (123, 43, 91);
INSERT INTO Student_Course (S_ID, C_ID, Grade) VALUES (123, 44, 89);
INSERT INTO Student_Course (S_ID, C_ID, Grade) VALUES (123, 45, 94);
INSERT INTO Student_Course (S_ID, C_ID, Grade) VALUES (124, 41, 60);
INSERT INTO Student_Course (S_ID, C_ID, Grade) VALUES (124, 42, 55);
INSERT INTO Student_Course (S_ID, C_ID, Grade) VALUES (124, 43, 70);
INSERT INTO Student_Course (S_ID, C_ID, Grade) VALUES (124, 44, 65);
INSERT INTO Student_Course (S_ID, C_ID, Grade) VALUES (124, 45, 68);
INSERT INTO Student_Course (S_ID, C_ID, Grade) VALUES (125, 41, 82);
INSERT INTO Student_Course (S_ID, C_ID, Grade) VALUES (125, 42, 78);
INSERT INTO Student_Course (S_ID, C_ID, Grade) VALUES (125, 43, 85);
INSERT INTO Student_Course (S_ID, C_ID, Grade) VALUES (125, 44, 80);
INSERT INTO Student_Course (S_ID, C_ID, Grade) VALUES (125, 45, 84);
INSERT INTO Student_Course (S_ID, C_ID, Grade) VALUES (126, 41, 45);
INSERT INTO Student_Course (S_ID, C_ID, Grade) VALUES (126, 42, 50);
INSERT INTO Student_Course (S_ID, C_ID, Grade) VALUES (126, 43, 55);
INSERT INTO Student_Course (S_ID, C_ID, Grade) VALUES (126, 44, 48);
INSERT INTO Student_Course (S_ID, C_ID, Grade) VALUES (126, 45, 52);
INSERT INTO Student_Course (S_ID, C_ID, Grade) VALUES (127, 41, 90);
INSERT INTO Student_Course (S_ID, C_ID, Grade) VALUES (127, 42, 85);
INSERT INTO Student_Course (S_ID, C_ID, Grade) VALUES (127, 43, 92);
INSERT INTO Student_Course (S_ID, C_ID, Grade) VALUES (127, 44, 88);
INSERT INTO Student_Course (S_ID, C_ID, Grade) VALUES (127, 45, 91);
INSERT INTO Student_Course (S_ID, C_ID, Grade) VALUES (128, 41, 75);
INSERT INTO Student_Course (S_ID, C_ID, Grade) VALUES (128, 42, 70);
INSERT INTO Student_Course (S_ID, C_ID, Grade) VALUES (128, 43, 78);
INSERT INTO Student_Course (S_ID, C_ID, Grade) VALUES (128, 44, 72);
INSERT INTO Student_Course (S_ID, C_ID, Grade) VALUES (128, 45, 76);
INSERT INTO Student_Course (S_ID, C_ID, Grade) VALUES (129, 41, 80);
INSERT INTO Student_Course (S_ID, C_ID, Grade) VALUES (129, 42, 75);
INSERT INTO Student_Course (S_ID, C_ID, Grade) VALUES (129, 43, 82);
INSERT INTO Student_Course (S_ID, C_ID, Grade) VALUES (129, 44, 78);
INSERT INTO Student_Course (S_ID, C_ID, Grade) VALUES (129, 45, 81);
INSERT INTO Student_Course (S_ID, C_ID, Grade) VALUES (130, 41, 65);
INSERT INTO Student_Course (S_ID, C_ID, Grade) VALUES (130, 42, 60);
INSERT INTO Student_Course (S_ID, C_ID, Grade) VALUES (130, 43, 70);
INSERT INTO Student_Course (S_ID, C_ID, Grade) VALUES (130, 44, 68);
INSERT INTO Student_Course (S_ID, C_ID, Grade) VALUES (130, 45, 72);
INSERT INTO Student_Course (S_ID, C_ID, Grade) VALUES (131, 41, 88);
INSERT INTO Student_Course (S_ID, C_ID, Grade) VALUES (131, 42, 85);
INSERT INTO Student_Course (S_ID, C_ID, Grade) VALUES (131, 43, 90);
INSERT INTO Student_Course (S_ID, C_ID, Grade) VALUES (131, 44, 87);
INSERT INTO Student_Course (S_ID, C_ID, Grade) VALUES (131, 45, 89);
INSERT INTO Student_Course (S_ID, C_ID, Grade) VALUES (132, 41, 50);
INSERT INTO Student_Course (S_ID, C_ID, Grade) VALUES (132, 42, 55);
INSERT INTO Student_Course (S_ID, C_ID, Grade) VALUES (132, 43, 60);
INSERT INTO Student_Course (S_ID, C_ID, Grade) VALUES (132, 44, 58);
INSERT INTO Student_Course (S_ID, C_ID, Grade) VALUES (132, 45, 62);
INSERT INTO Student_Course (S_ID, C_ID, Grade) VALUES (133, 41, 92);
INSERT INTO Student_Course (S_ID, C_ID, Grade) VALUES (133, 42, 90);
INSERT INTO Student_Course (S_ID, C_ID, Grade) VALUES (133, 43, 94);
INSERT INTO Student_Course (S_ID, C_ID, Grade) VALUES (133, 44, 91);
INSERT INTO Student_Course (S_ID, C_ID, Grade) VALUES (133, 45, 93);
INSERT INTO Student_Course (S_ID, C_ID, Grade) VALUES (134, 41, 70);
INSERT INTO Student_Course (S_ID, C_ID, Grade) VALUES (134, 42, 65);
INSERT INTO Student_Course (S_ID, C_ID, Grade) VALUES (134, 43, 75);
INSERT INTO Student_Course (S_ID, C_ID, Grade) VALUES (134, 44, 72);
INSERT INTO Student_Course (S_ID, C_ID, Grade) VALUES (134, 45, 74);
INSERT INTO Student_Course (S_ID, C_ID, Grade) VALUES (135, 41, 85);
INSERT INTO Student_Course (S_ID, C_ID, Grade) VALUES (135, 42, 80);
INSERT INTO Student_Course (S_ID, C_ID, Grade) VALUES (135, 43, 88);
INSERT INTO Student_Course (S_ID, C_ID, Grade) VALUES (135, 44, 84);
INSERT INTO Student_Course (S_ID, C_ID, Grade) VALUES (135, 45, 87);
INSERT INTO Student_Course (S_ID, C_ID, Grade) VALUES (136, 41, 55);
INSERT INTO Student_Course (S_ID, C_ID, Grade) VALUES (136, 42, 60);
INSERT INTO Student_Course (S_ID, C_ID, Grade) VALUES (136, 43, 65);
INSERT INTO Student_Course (S_ID, C_ID, Grade) VALUES (136, 44, 62);
INSERT INTO Student_Course (S_ID, C_ID, Grade) VALUES (136, 45, 68);
INSERT INTO Student_Course (S_ID, C_ID, Grade) VALUES (137, 41, 78);
INSERT INTO Student_Course (S_ID, C_ID, Grade) VALUES (137, 42, 75);
INSERT INTO Student_Course (S_ID, C_ID, Grade) VALUES (137, 43, 80);
INSERT INTO Student_Course (S_ID, C_ID, Grade) VALUES (137, 44, 77);
INSERT INTO Student_Course (S_ID, C_ID, Grade) VALUES (137, 45, 79);
INSERT INTO Student_Course (S_ID, C_ID, Grade) VALUES (138, 41, 82);
INSERT INTO Student_Course (S_ID, C_ID, Grade) VALUES (138, 42, 78);
INSERT INTO Student_Course (S_ID, C_ID, Grade) VALUES (138, 43, 85);
INSERT INTO Student_Course (S_ID, C_ID, Grade) VALUES (138, 44, 80);
INSERT INTO Student_Course (S_ID, C_ID, Grade) VALUES (138, 45, 83);
INSERT INTO Student_Course (S_ID, C_ID, Grade) VALUES (139, 41, 90);
INSERT INTO Student_Course (S_ID, C_ID, Grade) VALUES (139, 42, 88);
INSERT INTO Student_Course (S_ID, C_ID, Grade) VALUES (139, 43, 92);
INSERT INTO Student_Course (S_ID, C_ID, Grade) VALUES (139, 44, 89);
INSERT INTO Student_Course (S_ID, C_ID, Grade) VALUES (139, 45, 91);
INSERT INTO Student_Course (S_ID, C_ID, Grade) VALUES (140, 41, 65);
INSERT INTO Student_Course (S_ID, C_ID, Grade) VALUES (140, 42, 70);
INSERT INTO Student_Course (S_ID, C_ID, Grade) VALUES (140, 43, 75);
INSERT INTO Student_Course (S_ID, C_ID, Grade) VALUES (140, 44, 72);
INSERT INTO Student_Course (S_ID, C_ID, Grade) VALUES (140, 45, 74);

INSERT INTO Student_Course (S_ID, C_ID, Grade) VALUES (141, 61, 85);
INSERT INTO Student_Course (S_ID, C_ID, Grade) VALUES (141, 62, 78);
INSERT INTO Student_Course (S_ID, C_ID, Grade) VALUES (141, 63, 92);
INSERT INTO Student_Course (S_ID, C_ID, Grade) VALUES (141, 64, 88);
INSERT INTO Student_Course (S_ID, C_ID, Grade) VALUES (141, 65, 90);
INSERT INTO Student_Course (S_ID, C_ID, Grade) VALUES (142, 61, 72);
INSERT INTO Student_Course (S_ID, C_ID, Grade) VALUES (142, 62, 65);
INSERT INTO Student_Course (S_ID, C_ID, Grade) VALUES (142, 63, 80);
INSERT INTO Student_Course (S_ID, C_ID, Grade) VALUES (142, 64, 75);
INSERT INTO Student_Course (S_ID, C_ID, Grade) VALUES (142, 65, 82);
INSERT INTO Student_Course (S_ID, C_ID, Grade) VALUES (143, 61, 95);
INSERT INTO Student_Course (S_ID, C_ID, Grade) VALUES (143, 62, 88);
INSERT INTO Student_Course (S_ID, C_ID, Grade) VALUES (143, 63, 91);
INSERT INTO Student_Course (S_ID, C_ID, Grade) VALUES (143, 64, 89);
INSERT INTO Student_Course (S_ID, C_ID, Grade) VALUES (143, 65, 94);
INSERT INTO Student_Course (S_ID, C_ID, Grade) VALUES (144, 61, 60);
INSERT INTO Student_Course (S_ID, C_ID, Grade) VALUES (144, 62, 55);
INSERT INTO Student_Course (S_ID, C_ID, Grade) VALUES (144, 63, 70);
INSERT INTO Student_Course (S_ID, C_ID, Grade) VALUES (144, 64, 65);
INSERT INTO Student_Course (S_ID, C_ID, Grade) VALUES (144, 65, 68);
INSERT INTO Student_Course (S_ID, C_ID, Grade) VALUES (145, 61, 82);
INSERT INTO Student_Course (S_ID, C_ID, Grade) VALUES (145, 62, 78);
INSERT INTO Student_Course (S_ID, C_ID, Grade) VALUES (145, 63, 85);
INSERT INTO Student_Course (S_ID, C_ID, Grade) VALUES (145, 64, 80);
INSERT INTO Student_Course (S_ID, C_ID, Grade) VALUES (145, 65, 84);
INSERT INTO Student_Course (S_ID, C_ID, Grade) VALUES (146, 61, 45);
INSERT INTO Student_Course (S_ID, C_ID, Grade) VALUES (146, 62, 50);
INSERT INTO Student_Course (S_ID, C_ID, Grade) VALUES (146, 63, 55);
INSERT INTO Student_Course (S_ID, C_ID, Grade) VALUES (146, 64, 48);
INSERT INTO Student_Course (S_ID, C_ID, Grade) VALUES (146, 65, 52);
INSERT INTO Student_Course (S_ID, C_ID, Grade) VALUES (147, 61, 90);
INSERT INTO Student_Course (S_ID, C_ID, Grade) VALUES (147, 62, 85);
INSERT INTO Student_Course (S_ID, C_ID, Grade) VALUES (147, 63, 92);
INSERT INTO Student_Course (S_ID, C_ID, Grade) VALUES (147, 64, 88);
INSERT INTO Student_Course (S_ID, C_ID, Grade) VALUES (147, 65, 91);
INSERT INTO Student_Course (S_ID, C_ID, Grade) VALUES (148, 61, 75);
INSERT INTO Student_Course (S_ID, C_ID, Grade) VALUES (148, 62, 70);
INSERT INTO Student_Course (S_ID, C_ID, Grade) VALUES (148, 63, 78);
INSERT INTO Student_Course (S_ID, C_ID, Grade) VALUES (148, 64, 72);
INSERT INTO Student_Course (S_ID, C_ID, Grade) VALUES (148, 65, 76);
INSERT INTO Student_Course (S_ID, C_ID, Grade) VALUES (149, 61, 80);
INSERT INTO Student_Course (S_ID, C_ID, Grade) VALUES (149, 62, 75);
INSERT INTO Student_Course (S_ID, C_ID, Grade) VALUES (149, 63, 82);
INSERT INTO Student_Course (S_ID, C_ID, Grade) VALUES (149, 64, 78);
INSERT INTO Student_Course (S_ID, C_ID, Grade) VALUES (149, 65, 81);
INSERT INTO Student_Course (S_ID, C_ID, Grade) VALUES (150, 61, 65);
INSERT INTO Student_Course (S_ID, C_ID, Grade) VALUES (150, 62, 60);
INSERT INTO Student_Course (S_ID, C_ID, Grade) VALUES (150, 63, 70);
INSERT INTO Student_Course (S_ID, C_ID, Grade) VALUES (150, 64, 68);
INSERT INTO Student_Course (S_ID, C_ID, Grade) VALUES (150, 65, 72);
INSERT INTO Student_Course (S_ID, C_ID, Grade) VALUES (151, 61, 88);
INSERT INTO Student_Course (S_ID, C_ID, Grade) VALUES (151, 62, 85);
INSERT INTO Student_Course (S_ID, C_ID, Grade) VALUES (151, 63, 90);
INSERT INTO Student_Course (S_ID, C_ID, Grade) VALUES (151, 64, 87);
INSERT INTO Student_Course (S_ID, C_ID, Grade) VALUES (151, 65, 89);
INSERT INTO Student_Course (S_ID, C_ID, Grade) VALUES (152, 61, 50);
INSERT INTO Student_Course (S_ID, C_ID, Grade) VALUES (152, 62, 55);
INSERT INTO Student_Course (S_ID, C_ID, Grade) VALUES (152, 63, 60);
INSERT INTO Student_Course (S_ID, C_ID, Grade) VALUES (152, 64, 58);
INSERT INTO Student_Course (S_ID, C_ID, Grade) VALUES (152, 65, 62);
INSERT INTO Student_Course (S_ID, C_ID, Grade) VALUES (153, 61, 92);
INSERT INTO Student_Course (S_ID, C_ID, Grade) VALUES (153, 62, 90);
INSERT INTO Student_Course (S_ID, C_ID, Grade) VALUES (153, 63, 94);
INSERT INTO Student_Course (S_ID, C_ID, Grade) VALUES (153, 64, 91);
INSERT INTO Student_Course (S_ID, C_ID, Grade) VALUES (153, 65, 93);
INSERT INTO Student_Course (S_ID, C_ID, Grade) VALUES (154, 61, 70);
INSERT INTO Student_Course (S_ID, C_ID, Grade) VALUES (154, 62, 65);
INSERT INTO Student_Course (S_ID, C_ID, Grade) VALUES (154, 63, 75);
INSERT INTO Student_Course (S_ID, C_ID, Grade) VALUES (154, 64, 72);
INSERT INTO Student_Course (S_ID, C_ID, Grade) VALUES (154, 65, 74);
INSERT INTO Student_Course (S_ID, C_ID, Grade) VALUES (155, 61, 85);
INSERT INTO Student_Course (S_ID, C_ID, Grade) VALUES (155, 62, 80);
INSERT INTO Student_Course (S_ID, C_ID, Grade) VALUES (155, 63, 88);
INSERT INTO Student_Course (S_ID, C_ID, Grade) VALUES (155, 64, 84);
INSERT INTO Student_Course (S_ID, C_ID, Grade) VALUES (155, 65, 87);
INSERT INTO Student_Course (S_ID, C_ID, Grade) VALUES (156, 61, 55);
INSERT INTO Student_Course (S_ID, C_ID, Grade) VALUES (156, 62, 60);
INSERT INTO Student_Course (S_ID, C_ID, Grade) VALUES (156, 63, 65);
INSERT INTO Student_Course (S_ID, C_ID, Grade) VALUES (156, 64, 62);
INSERT INTO Student_Course (S_ID, C_ID, Grade) VALUES (156, 65, 68);
INSERT INTO Student_Course (S_ID, C_ID, Grade) VALUES (157, 61, 78);
INSERT INTO Student_Course (S_ID, C_ID, Grade) VALUES (157, 62, 75);
INSERT INTO Student_Course (S_ID, C_ID, Grade) VALUES (157, 63, 80);
INSERT INTO Student_Course (S_ID, C_ID, Grade) VALUES (157, 64, 77);
INSERT INTO Student_Course (S_ID, C_ID, Grade) VALUES (157, 65, 79);
INSERT INTO Student_Course (S_ID, C_ID, Grade) VALUES (158, 61, 82);
INSERT INTO Student_Course (S_ID, C_ID, Grade) VALUES (158, 62, 78);
INSERT INTO Student_Course (S_ID, C_ID, Grade) VALUES (158, 63, 85);
INSERT INTO Student_Course (S_ID, C_ID, Grade) VALUES (158, 64, 80);
INSERT INTO Student_Course (S_ID, C_ID, Grade) VALUES (158, 65, 83);
INSERT INTO Student_Course (S_ID, C_ID, Grade) VALUES (159, 61, 90);
INSERT INTO Student_Course (S_ID, C_ID, Grade) VALUES (159, 62, 88);
INSERT INTO Student_Course (S_ID, C_ID, Grade) VALUES (159, 63, 92);
INSERT INTO Student_Course (S_ID, C_ID, Grade) VALUES (159, 64, 89);
INSERT INTO Student_Course (S_ID, C_ID, Grade) VALUES (159, 65, 91);
INSERT INTO Student_Course (S_ID, C_ID, Grade) VALUES (160, 61, 65);
INSERT INTO Student_Course (S_ID, C_ID, Grade) VALUES (160, 62, 70);
INSERT INTO Student_Course (S_ID, C_ID, Grade) VALUES (160, 63, 75);
INSERT INTO Student_Course (S_ID, C_ID, Grade) VALUES (160, 64, 72);
INSERT INTO Student_Course (S_ID, C_ID, Grade) VALUES (160, 65, 74);

select * from students
INSERT INTO Course_Department (C_ID, D_ID) VALUES (1, 1);
commit

    select * from students where s_id=101

select * from student_course
delete from Courses where C_ID=1
delete from Student_Course where s_id=121
rollback
delete from Course_Department where s_id=121